portfolio_id,job_title,location,url,status,first_seen,last_seen
1,Applied AI Researcher (India),India/Remote,https://jobs.ashbyhq.com/articul8/14e41607-c42c-4a1a-bdbb-902480a8f145,Existing,,2026-02-25T04:17:08.895Z
1,Principal AI Researcher (India),India/Remote,https://jobs.ashbyhq.com/articul8/cefc24cc-e505-4bd0-bd46-38aa95d1bd1a,Existing,,2026-02-25T04:17:08.895Z
1,Applied AI Researcher (Brazil),Brazil/Remote,https://jobs.ashbyhq.com/articul8/ee448a40-531d-4eac-abff-4358d9b08a02,Existing,,2026-02-25T04:17:08.895Z
1,Applied AI Researcher (USA),North America/Remote,https://jobs.ashbyhq.com/articul8/a371d072-83aa-4443-8bec-adabc32eff04,Existing,,2026-02-25T04:17:08.895Z
1,Principal AI Researcher (Brazil),Brazil/Remote,https://jobs.ashbyhq.com/articul8/4c3eec95-7f70-46b6-bbba-9bd717d670a6,Existing,,2026-02-25T04:17:08.895Z
1,Principal AI Researcher (USA),North America/Remote,https://jobs.ashbyhq.com/articul8/cbc7c83c-1749-41ef-ae83-1981cd78a0df,Existing,,2026-02-25T04:17:08.895Z
1,Senior/Staff AI Researcher (USA),North America/Remote,https://jobs.ashbyhq.com/articul8/13330b0f-d068-4f70-9efb-efb922e34dbe,Existing,,2026-02-25T04:17:08.895Z
1,Senior/Staff AI Researcher (India),India/Remote,https://jobs.ashbyhq.com/articul8/d142000b-cdaa-4e00-991f-e6c297b4c00c,Existing,,2026-02-25T04:17:08.895Z
1,Senior/Staff AI Researcher (Brazil),Brazil/Remote,https://jobs.ashbyhq.com/articul8/f02ab79a-ef1b-4f0a-b45e-453e6d587642,Existing,,2026-02-25T04:17:08.895Z
1,Senior Solution Architect - Customer Success (USA),North America/Remote,https://jobs.ashbyhq.com/articul8/956bc1bc-6aa3-4ea7-8ae0-8bb12076460c,Existing,,2026-02-25T04:17:08.895Z
1,"Staff/Senior AI/ML Engineer - (Dublin, CA)","Dublin, CA (HQ)",https://jobs.ashbyhq.com/articul8/6856a4b1-8c58-490f-8ac0-9603625c4ecc,Existing,,2026-02-25T04:17:08.895Z
1,"Staff/Senior Software Engineer (Backend) - (Dublin, CA)","Dublin, CA (HQ)",https://jobs.ashbyhq.com/articul8/d8a3c991-5fd9-4b25-9f36-ab6d6a9620fa,Existing,,2026-02-25T04:17:08.895Z
1,Technical Account Leader (Customer Success),"Dublin, CA (HQ)",https://jobs.ashbyhq.com/articul8/03fa497b-0f32-4226-bcea-f6e686b3b9c0,Existing,,2026-02-25T04:17:08.895Z
1,Infrastructure Engineer (Brazil),Brazil/Remote,https://jobs.ashbyhq.com/articul8/91b8c1d6-c9a4-4919-b269-eac696306b1d,Existing,,2026-02-25T04:17:08.895Z
1,"Infrastructure Engineer - (Dublin, CA)","Dublin, CA (HQ)",https://jobs.ashbyhq.com/articul8/cd9a4f11-3250-442a-9240-d9df404021bd,Existing,,2026-02-25T04:17:08.895Z
1,Senior Site Reliability Engineer (SRE) - Chaos Engineering (Brazil),Brazil/Remote,https://jobs.ashbyhq.com/articul8/de75162d-7e7f-4a66-ab17-5a0f22553744,Existing,,2026-02-25T04:17:08.895Z
1,"Senior Site Reliability Engineer (SRE) - (Dublin, CA)","Dublin, CA (HQ)",https://jobs.ashbyhq.com/articul8/6edb31d2-8ba0-4f1c-b7cd-9ace2de4cf7a,Existing,,2026-02-25T04:17:08.895Z
1,"Senior Software Development Engineer in Test (SDET), Chaos Engineering Specialist - (Dublin, CA)","Dublin, CA (HQ)",https://jobs.ashbyhq.com/articul8/13fc5f25-e30c-416c-a9aa-d27850267a3b,Existing,,2026-02-25T04:17:08.895Z
1,Customer Success Solution Architect (Brazil),Brazil/Remote,https://jobs.ashbyhq.com/articul8/15e0a7c8-39ab-4aca-a670-f23e2c8a3024,Existing,,2026-02-25T04:17:08.895Z
1,AI/ML Manager - Engineering Leader,"Dublin, CA (HQ)",https://jobs.ashbyhq.com/articul8/101f76b5-c120-4862-958d-0d8f5c3967d6,Existing,,2026-02-25T04:17:08.895Z
1,Backend Engineer - (Python) Brazil,Brazil/Remote,https://jobs.ashbyhq.com/articul8/0951214b-b6e0-4b9f-a1eb-bd8c35cf0d04,Existing,,2026-02-25T04:17:08.895Z
1,Industries Solutions Architect - Manufacturing & Industrial,"Dublin, CA (HQ)",https://jobs.ashbyhq.com/articul8/999d53d4-6f01-4d02-8e12-9eddce75f543,Existing,,2026-02-25T04:17:08.895Z
1,Senior Security Leader (Director/Head of Security),"Dublin, CA (HQ)",https://jobs.ashbyhq.com/articul8/0c35b023-e935-4f95-b1f3-ec8639abc783,Existing,,2026-02-25T04:17:08.895Z
35,ML Research Engineer Intern,"San Francisco, CA, US",https://www.ycombinator.com/companies/browseros/jobs/XFrdIN5-ml-research-engineer-intern,New,2026-02-25T04:17:08.895Z,2026-02-25T04:17:08.895Z
2,Forward Deploy Engineer,"San Francisco, CA, US / Atlanta, GA, US",https://www.ycombinator.com/companies/bucket-robotics/jobs/vkZKgmP-forward-deploy-engineer,New,2026-02-25T04:17:08.895Z,2026-02-25T04:17:08.895Z
2,Head of Business Development,"San Francisco, CA, US",https://www.ycombinator.com/companies/bucket-robotics/jobs/RwBQGru-head-of-business-development,New,2026-02-25T04:17:08.895Z,2026-02-25T04:17:08.895Z
2,ML Engineer,"San Francisco, CA, US",https://www.ycombinator.com/companies/bucket-robotics/jobs/wamcLUR-ml-engineer,New,2026-02-25T04:17:08.895Z,2026-02-25T04:17:08.895Z
4,Open Role,"Greenwich, CT",https://jobs.polymer.co/colleva/31101,New,2026-02-25T04:17:08.895Z,2026-02-25T04:17:08.895Z
5,Brand Marketing Manager,Remote / San Francisco / New York / Salt Lake City,https://job-boards.greenhouse.io/databento/jobs/7565291,Existing,,2026-02-25T04:17:08.895Z
5,"Financial Data Sales Associate, APAC",Remote / Hong Kong / Shanghai / Singapore / Beijing / Seoul / Tokyo / Kuala Lumpur,https://job-boards.greenhouse.io/databento/jobs/7507651,Existing,,2026-02-25T04:17:08.895Z
5,In-House Recruiter,Remote / San Francisco / New York City / Boston / Salt Lake City,https://job-boards.greenhouse.io/databento/jobs/7573099,Existing,,2026-02-25T04:17:08.895Z
5,Product Marketing Specialist,Remote / San Francisco / New York / Salt Lake City,https://job-boards.greenhouse.io/databento/jobs/7559249,Existing,,2026-02-25T04:17:08.895Z
5,Quantitative Sales Associate,Remote / San Francisco / NYC / Boston / Salt Lake City,https://job-boards.greenhouse.io/databento/jobs/7428755,Existing,,2026-02-25T04:17:08.895Z
5,Systems Engineer,Remote / Boston / Salt Lake City / San Francisco / New York,https://job-boards.greenhouse.io/databento/jobs/7439184,Existing,,2026-02-25T04:17:08.895Z
6,Customer Fulfillment - Global Inventory,San Jose,https://jobs.ashbyhq.com/etched/6bd27591-7a40-4c4b-a669-16496ef9213d,Existing,,2026-02-25T04:17:08.895Z
6,Talent Sourcer (Supercomputing/ML),San Jose,https://jobs.ashbyhq.com/etched/7b4993a0-b5df-449b-88ab-9680f312bb5b,Existing,,2026-02-25T04:17:08.895Z
6,Design Verification Engineer - Internal IP,San Jose,https://jobs.ashbyhq.com/etched/7aeafe31-c2c6-43e0-bb31-01868dcfad39,Existing,,2026-02-25T04:17:08.895Z
6,Infrastructure Software Engineer,San Jose,https://jobs.ashbyhq.com/etched/1c03c13b-6f2e-44e7-b5bd-b7628412f8b9,Existing,,2026-02-25T04:17:08.895Z
6,Technical Recruiter (Supercomputing/ML),San Jose,https://jobs.ashbyhq.com/etched/39cb22b6-58e9-4612-994f-eba767aca818,Existing,,2026-02-25T04:17:08.895Z
6,Physical Design Engineer,San Jose,https://jobs.ashbyhq.com/etched/92862cf4-3fe6-4317-b771-8fcdf0a95758,Existing,,2026-02-25T04:17:08.895Z
6,PCB Layout Engineer,San Jose,https://jobs.ashbyhq.com/etched/ed7a1d2e-df45-4d35-8965-e989fbbc2ce9,Existing,,2026-02-25T04:17:08.895Z
6,Mechanical Engineer,San Jose,https://jobs.ashbyhq.com/etched/b065790b-3a5b-4bf2-b5d1-60253f57bf4f,Existing,,2026-02-25T04:17:08.895Z
6,MTS - Firmware,San Jose,https://jobs.ashbyhq.com/etched/3b2b0704-c8fd-446e-90c3-af9de880cb28,Existing,,2026-02-25T04:17:08.895Z
6,Platform Validation Engineer,San Jose,https://jobs.ashbyhq.com/etched/ccf2ae62-5490-4a59-87e8-8761f573b22a,Existing,,2026-02-25T04:17:08.895Z
6,Core Operations,San Jose,https://jobs.ashbyhq.com/etched/30b1a3d7-8b36-4971-8652-684066664084,Existing,,2026-02-25T04:17:08.895Z
6,Software Engineer - Performance Tools,San Jose,https://jobs.ashbyhq.com/etched/610c3836-9798-46ea-931a-02bb95b29467,Existing,,2026-02-25T04:17:08.895Z
6,Talent Sourcer (G&A/GTM),San Jose,https://jobs.ashbyhq.com/etched/e1e7e75d-3a3d-4054-861f-f305e4cf3a12,Existing,,2026-02-25T04:17:08.895Z
6,Head of Supercomputing,San Jose,https://jobs.ashbyhq.com/etched/fb76e6e8-d07a-4830-b88e-ca8c1483f801,Existing,,2026-02-25T04:17:08.895Z
6,RTL Design Engineer ,San Jose,https://jobs.ashbyhq.com/etched/c3ca158a-015d-413d-bd14-5470e546ed15,Existing,,2026-02-25T04:17:08.895Z
6,Head of Production (Taiwan),Taipei,https://jobs.ashbyhq.com/etched/6a498fa1-ea6e-4201-b63a-12f282bfed6c,Existing,,2026-02-25T04:17:08.895Z
6,Substrate IC Package Layout Design Engineer,San Jose,https://jobs.ashbyhq.com/etched/5107e1a7-043d-4fa9-820e-84cfa9223a0b,Existing,,2026-02-25T04:17:08.895Z
6,Recruiter (G&A/GTM),San Jose,https://jobs.ashbyhq.com/etched/479b68f3-ab66-4534-a3ee-4c3b57312f1a,Existing,,2026-02-25T04:17:08.895Z
6,Rack Integration Engineer,San Jose,https://jobs.ashbyhq.com/etched/edd8b3d7-0277-406c-909e-c42aa3491ae0,Existing,,2026-02-25T04:17:08.895Z
6,Supercomputing Engineer (Test),San Jose,https://jobs.ashbyhq.com/etched/53064625-681e-4d1f-97ac-357738720702,Existing,,2026-02-25T04:17:08.895Z
6,Technical Recruiter,San Jose,https://jobs.ashbyhq.com/etched/9c58d97b-4825-466b-895a-478a89d7a3c7,Existing,,2026-02-25T04:17:08.895Z
6,Kernel Driver Software Engineer,San Jose,https://jobs.ashbyhq.com/etched/283c88a9-0031-4232-a5b3-1103c2af4100,Existing,,2026-02-25T04:17:08.895Z
6,Supercomputing Engineer,San Jose,https://jobs.ashbyhq.com/etched/5726311f-4db2-4c95-8628-d9c8f0f9639d,Existing,,2026-02-25T04:17:08.895Z
6,Supercomputing Engineer (Network),San Jose,https://jobs.ashbyhq.com/etched/245b1caa-dfbc-45e6-91df-b0741acab501,Existing,,2026-02-25T04:17:08.895Z
6,Platform Architect,San Jose,https://jobs.ashbyhq.com/etched/c7269073-d970-42c2-8786-16c396b9f710,Existing,,2026-02-25T04:17:08.895Z
6,Manufacturing Mechanical Engineer (Taiwan),Taipei,https://jobs.ashbyhq.com/etched/23f0f19c-4db9-4637-8b1f-e2eff70c0506,Existing,,2026-02-25T04:17:08.895Z
6,Developer Experience Engineer,San Jose,https://jobs.ashbyhq.com/etched/3f83fd5f-5e50-403a-9a03-7ddb56502f49,Existing,,2026-02-25T04:17:08.895Z
6,Inference Software Engineer,San Jose,https://jobs.ashbyhq.com/etched/0f9c0162-97c6-4be6-9cb7-d9afdcf0fa7c,Existing,,2026-02-25T04:17:08.895Z
6,Head of Physical Design,San Jose,https://jobs.ashbyhq.com/etched/cb687b29-658b-4d07-9247-a423354194e9,Existing,,2026-02-25T04:17:08.895Z
6,Core Software Engineer,San Jose,https://jobs.ashbyhq.com/etched/e6416d04-da00-4917-a817-787b77c35650,Existing,,2026-02-25T04:17:08.895Z
6,ASIC Architect,San Jose,https://jobs.ashbyhq.com/etched/d1d009f0-f0c7-4ab6-9f27-881c3ea12505,Existing,,2026-02-25T04:17:08.895Z
6,GTM Intern,San Jose,https://jobs.ashbyhq.com/etched/0321523b-f0c3-44cd-9c46-cf318a1cad9e,Existing,,2026-02-25T04:17:08.895Z
6,Failure Analysis Test Engineer,San Jose,https://jobs.ashbyhq.com/etched/3c6c400e-5f13-4ade-9924-296d0d07166c,Existing,,2026-02-25T04:17:08.895Z
6,Core Ops Intern,San Jose,https://jobs.ashbyhq.com/etched/f32908bd-8abc-495c-ab69-ac893b6c924d,Existing,,2026-02-25T04:17:08.895Z
6,Platform Intern,San Jose,https://jobs.ashbyhq.com/etched/097cf1d6-592c-4ce4-910e-401512278368,Existing,,2026-02-25T04:17:08.895Z
6,Production Intern,San Jose,https://jobs.ashbyhq.com/etched/53496fbb-5f0b-4d35-a2bf-735315a4016b,Existing,,2026-02-25T04:17:08.895Z
6,"Head of Design Verification, Interface IP",San Jose,https://jobs.ashbyhq.com/etched/36c0f8d1-a2df-4028-90ab-0ee024da765c,Existing,,2026-02-25T04:17:08.895Z
6,Talent Intern,San Jose,https://jobs.ashbyhq.com/etched/639fe410-56a4-44aa-ac93-8ee7c10c7d75,Existing,,2026-02-25T04:17:08.895Z
6,Failure Analysis Test Engineer (Taiwan),Taipei,https://jobs.ashbyhq.com/etched/e593a2f6-8f0b-4328-9fd9-b0ff85cf0827,Existing,,2026-02-25T04:17:08.895Z
6,Factory Manufacturing Engineer (Taiwan),Taipei,https://jobs.ashbyhq.com/etched/c5de6de1-20e8-486a-9e01-e53ec1d94729,Existing,,2026-02-25T04:17:08.895Z
6,Engineering Build Manager ,San Jose,https://jobs.ashbyhq.com/etched/9d903ad6-7dea-494e-ba90-e12cced8dc1b,Existing,,2026-02-25T04:17:08.895Z
6,Design Verification Engineer - SoC,San Jose,https://jobs.ashbyhq.com/etched/a99318bd-b433-44b7-9600-2ee9533c90a1,Existing,,2026-02-25T04:17:08.895Z
6,Design Verification Engineer - Interface IP,San Jose,https://jobs.ashbyhq.com/etched/d88da917-21f5-42b7-b1e2-8986897aaab1,Existing,,2026-02-25T04:17:08.895Z
6,IT Engineer,San Jose,https://jobs.ashbyhq.com/etched/890fd360-d558-4fa6-921d-32ff9e58e7e2,Existing,,2026-02-25T04:17:08.895Z
6,Finance Intern,San Jose,https://jobs.ashbyhq.com/etched/a0a1671e-15d4-474c-8227-97fe16ade553,Existing,,2026-02-25T04:17:08.895Z
6,Architecture Intern - Inference,San Jose,https://jobs.ashbyhq.com/etched/6f23713f-5409-45b7-aae8-adb8710cdbc3,Existing,,2026-02-25T04:17:08.895Z
6,Quality Engineer,San Jose,https://jobs.ashbyhq.com/etched/2f3a523e-4900-4cce-8382-82ae0eddeb4a,Existing,,2026-02-25T04:17:08.895Z
6,Manufacturing Engineer - Electrical Engineering,San Jose,https://jobs.ashbyhq.com/etched/138673c1-2125-4c29-a9db-3ec3088328ba,Existing,,2026-02-25T04:17:08.895Z
6,Post-Silicon Validation Engineer,San Jose,https://jobs.ashbyhq.com/etched/9a3eed83-b5b2-4ac4-a2d4-9dc9dd734869,Existing,,2026-02-25T04:17:08.895Z
6,Chip Simulation Software Engineer,San Jose,https://jobs.ashbyhq.com/etched/29b303b2-f1a5-4799-a0b2-e86e28289a9b,Existing,,2026-02-25T04:17:08.895Z
6,Chip Lead,San Jose,https://jobs.ashbyhq.com/etched/fc1ed6f2-d05b-430a-8a19-b1cf5d4604c5,Existing,,2026-02-25T04:17:08.895Z
6,GM of Taiwan,Taipei,https://jobs.ashbyhq.com/etched/faa7b171-e1a8-4dce-b98e-02b167c8d862,Existing,,2026-02-25T04:17:08.895Z
6,GTM Operations,San Jose,https://jobs.ashbyhq.com/etched/aa2fc22d-bf0d-4d2d-8b8e-91f368b0c1fa,Existing,,2026-02-25T04:17:08.895Z
6,Supercomputing Test Software Engineer (Taiwan),Taipei,https://jobs.ashbyhq.com/etched/3da8034e-4639-44b0-99a4-aeec6ff9e59c,Existing,,2026-02-25T04:17:08.895Z
6,Supercomputing Software Engineer (Taiwan),Taipei,https://jobs.ashbyhq.com/etched/f80dc5c6-de4f-455c-9c98-720313e5547a,Existing,,2026-02-25T04:17:08.895Z
6,Firmware Engineer (Taiwan),Taipei,https://jobs.ashbyhq.com/etched/3eb65028-9648-48f5-bfc9-94b3128863f2,Existing,,2026-02-25T04:17:08.895Z
6,Senior Firmware Engineer (Taiwan),Taipei,https://jobs.ashbyhq.com/etched/6b98caba-e295-44c5-b0d5-8e4a8b82cd7f,Existing,,2026-02-25T04:17:08.895Z
6,Head of Inference Kernels,San Jose,https://jobs.ashbyhq.com/etched/c88d284c-536b-4c71-9faf-aec2906f81d8,Existing,,2026-02-25T04:17:08.895Z
6,Performance Engineer,San Jose,https://jobs.ashbyhq.com/etched/69e75a95-6476-452d-bb41-86ac7ce52a98,Existing,,2026-02-25T04:17:08.895Z
6,PCB Rework Technician (Taiwan),Taipei,https://jobs.ashbyhq.com/etched/faca6771-db7d-4bfa-8c4f-642aceaac503,Existing,,2026-02-25T04:17:08.895Z
6,PCB Design for Manufacturing Engineer (Taiwan),Taipei,https://jobs.ashbyhq.com/etched/70b08fdb-b949-45a8-8faa-c0937463f4c9,Existing,,2026-02-25T04:17:08.895Z
6,Lab Technician (Taiwan),Taipei,https://jobs.ashbyhq.com/etched/fbe80e16-163e-4ac8-9b6c-473ec9398f08,Existing,,2026-02-25T04:17:08.895Z
6,Failure Analysis Engineer (Taiwan),Taipei,https://jobs.ashbyhq.com/etched/93dfc27f-2bda-407e-a0b1-b0d78dde455f,Existing,,2026-02-25T04:17:08.895Z
6,Forward Deployed Systems Engineer,San Jose,https://jobs.ashbyhq.com/etched/37798f2c-d2d8-4911-bd5a-41b0f6f7c238,Existing,,2026-02-25T04:17:08.895Z
6,Platform Technical Program Manager - NPI ,San Jose,https://jobs.ashbyhq.com/etched/e401934b-3344-4c64-be56-0953778792c1,Existing,,2026-02-25T04:17:08.895Z
6,Head of Software Engineering (Taiwan),Taipei,https://jobs.ashbyhq.com/etched/e4bc4917-68b4-4fe7-9bce-2eda1a040b8a,Existing,,2026-02-25T04:17:08.895Z
6,"Manager, Demand Supply Planning",San Jose,https://jobs.ashbyhq.com/etched/8dc6c6fe-1498-4f15-bbc2-e6db3dbb6b58,Existing,,2026-02-25T04:17:08.895Z
6,Silicon Operations Program Manager,San Jose,https://jobs.ashbyhq.com/etched/3d1b1c2b-4982-4d26-b73e-b9ace6084902,Existing,,2026-02-25T04:17:08.895Z
6,"Senior Thermal Engineer, Liquid Cooling Systems",San Jose,https://jobs.ashbyhq.com/etched/ec27e36f-e6eb-4f31-8aa0-79b9a72796c5,Existing,,2026-02-25T04:17:08.895Z
6,"Global Supply Manager, L11 Hardware",San Jose,https://jobs.ashbyhq.com/etched/c68df61f-2526-4fcd-9ac5-6faa23bb2bca,Existing,,2026-02-25T04:17:08.895Z
6,"Global Supply Manager, PCBs",San Jose,https://jobs.ashbyhq.com/etched/810c379e-b76e-4fb5-9cdb-21119a4eb543,Existing,,2026-02-25T04:17:08.895Z
6,"Global Supply Manager, Strategic Commodities (DRAM, SSD, HBM, CPU)",San Jose,https://jobs.ashbyhq.com/etched/ecd8017e-1b80-489e-928b-79e52b024743,Existing,,2026-02-25T04:17:08.895Z
6,Infrastructure Software Engineer (Taiwan),Taipei,https://jobs.ashbyhq.com/etched/e4ab2a35-4a6d-4a9f-a8cd-a64815eae13b,Existing,,2026-02-25T04:17:08.895Z
6,IT Engineer (Taiwan),Taipei,https://jobs.ashbyhq.com/etched/58378ed1-972a-47a0-aa30-274f61af1c6d,Existing,,2026-02-25T04:17:08.895Z
6,"Systems Engineer, Finance & Operations",San Jose,https://jobs.ashbyhq.com/etched/dab59531-2769-400d-94ec-d47ef928970f,Existing,,2026-02-25T04:17:08.895Z
6,Board Bring-Up Specialist (Validation Engineering),San Jose,https://jobs.ashbyhq.com/etched/74710ea6-471c-48d0-885b-70c5b85ab5fc,Existing,,2026-02-25T04:17:08.895Z
6,PLM Application Support Engineer,San Jose,https://jobs.ashbyhq.com/etched/46ab56ec-38f1-409d-a360-b420b6178d8f,Existing,,2026-02-25T04:17:08.895Z
6,Engineering Build Manager (Taiwan),Taipei,https://jobs.ashbyhq.com/etched/8df86e13-2a0a-4b6b-bd00-26f9bcda7f74,Existing,,2026-02-25T04:17:08.895Z
6,SLT Test Engineer,Taipei,https://jobs.ashbyhq.com/etched/0ced6e16-f429-43fd-bb99-085b9f460058,Existing,,2026-02-25T04:17:08.895Z
6,Supercomputing Intern,San Jose,https://jobs.ashbyhq.com/etched/982a8ee4-5e1e-43c7-a918-6dac285cdddd,Existing,,2026-02-25T04:17:08.895Z
6,ChipSim Intern,San Jose,https://jobs.ashbyhq.com/etched/27e5bd6b-9357-45f0-9e79-cfa2bf4eeba8,Existing,,2026-02-25T04:17:08.895Z
6,Core SWE Intern,San Jose,https://jobs.ashbyhq.com/etched/47e6dec8-2ca6-4359-8cff-0b91bcbf48ea,Existing,,2026-02-25T04:17:08.895Z
6,Firmware Intern,San Jose,https://jobs.ashbyhq.com/etched/699f3ab2-07e4-466c-9d76-3d4a3abb4ebc,Existing,,2026-02-25T04:17:08.895Z
6,Infrastructure Intern,San Jose,https://jobs.ashbyhq.com/etched/1b073af4-6764-45ca-a22d-40a4823f0877,Existing,,2026-02-25T04:17:08.895Z
6,RTL Intern,San Jose,https://jobs.ashbyhq.com/etched/157ed4f4-6e3b-4ec9-b93f-3e363e92041e,Existing,,2026-02-25T04:17:08.895Z
6,Platform Intern - ME,San Jose,https://jobs.ashbyhq.com/etched/f05e3218-5ec7-41d1-bc99-bb7014422229,Existing,,2026-02-25T04:17:08.895Z
6,DV Intern,San Jose,https://jobs.ashbyhq.com/etched/dacedaca-c4ca-4964-85a7-8df1738005bb,Existing,,2026-02-25T04:17:08.895Z
6,Electrical Platform Intern,San Jose,https://jobs.ashbyhq.com/etched/904ddf46-55fc-4a8f-8b49-f32cfe88116a,Existing,,2026-02-25T04:17:08.895Z
6,Rack Integration Engineer – AI Infrastructure,Taipei,https://jobs.ashbyhq.com/etched/a253911b-7fe9-4c52-a032-3b2279e33044,Existing,,2026-02-25T04:17:08.895Z
6,Head of SoC Architecture,San Jose,https://jobs.ashbyhq.com/etched/2027924b-3dc8-4ff9-8d1a-213278e26dea,Existing,,2026-02-25T04:17:08.895Z
6,"General Ledger Accountant, Inventory & Cost Accounting ",San Jose,https://jobs.ashbyhq.com/etched/f5f419ab-a741-4f62-ac0f-7f4685eb3d62,Existing,,2026-02-25T04:17:08.895Z
6,"General Ledger Accountant, Payroll",San Jose,https://jobs.ashbyhq.com/etched/7f89eb44-b816-470a-953f-3fc1dc09b280,Existing,,2026-02-25T04:17:08.895Z
6,Security Engineer,San Jose,https://jobs.ashbyhq.com/etched/5bbcfd60-5917-4698-a7fc-d7e6bb16da62,Existing,,2026-02-25T04:17:08.895Z
6,Head of Performance Profiling,San Jose,https://jobs.ashbyhq.com/etched/6c60c888-1b0e-4fc8-b78a-31b9c994a0f4,Existing,,2026-02-25T04:17:08.895Z
6,"Lab Logistics, Warehouse Coordinator ",San Jose,https://jobs.ashbyhq.com/etched/d6365e2e-170b-42df-a619-d30ddeef7900,Existing,,2026-02-25T04:17:08.895Z
34,Manufacturing Underwriter / Senior Underwriter,"San Francisco, CA",https://www.getirongrid.com/careers/underwriter,New,2026-02-25T04:17:08.895Z,2026-02-25T04:17:08.895Z
11,Product Engineer (Customer-Facing),"Bengaluru, KA, IN",https://www.ycombinator.com/companies/merlin-ai/jobs/BIHU5Bd-product-engineer-customer-facing,New,2026-02-25T04:17:08.895Z,2026-02-25T04:17:08.895Z
11,Founding Backend Engineer,"Bengaluru, KA, IN",https://www.ycombinator.com/companies/merlin-ai/jobs/Sdf2AJj-founding-backend-engineer,New,2026-02-25T04:17:08.895Z,2026-02-25T04:17:08.895Z
11,Frontend React Developer,"Bengaluru, KA, IN",https://www.ycombinator.com/companies/merlin-ai/jobs/2pX4srY-frontend-react-developer,New,2026-02-25T04:17:08.895Z,2026-02-25T04:17:08.895Z
29,Associate Operator - Stratospheric Systems,"Nationwide, United States",https://job-boards.greenhouse.io/nearspacelabs/jobs/4749344008,Existing,,2026-02-25T04:17:08.895Z
29,Computer Vision Team Lead [Geospatial],"Barcelona, Spain",https://job-boards.greenhouse.io/nearspacelabs/jobs/5011208008,Existing,,2026-02-25T04:17:08.895Z
29,General Interest Application ,"United States, Barcelona",https://job-boards.greenhouse.io/nearspacelabs/jobs/4790003008,Existing,,2026-02-25T04:17:08.895Z
31,Business Development Executive - DACH (f/m/d)*,Berlin Office,https://job-boards.eu.greenhouse.io/parloa/jobs/4751258101,Existing,,2026-02-25T04:17:08.895Z
31,Business Development Executive - Southern Europe (f/m/d)*,Berlin Office,https://job-boards.eu.greenhouse.io/parloa/jobs/4752757101,Existing,,2026-02-25T04:17:08.895Z
31,Business Development Executive - Southern Europe (f/m/d)*,London,https://job-boards.eu.greenhouse.io/parloa/jobs/4752680101,Existing,,2026-02-25T04:17:08.895Z
31,Deployment Strategist (f/m/d)*,Berlin Office,https://job-boards.eu.greenhouse.io/parloa/jobs/4776505101,Existing,,2026-02-25T04:17:08.895Z
31,Documentation Specialist (f/m/d)*,Berlin Office,https://job-boards.eu.greenhouse.io/parloa/jobs/4767450101,Existing,,2026-02-25T04:17:08.895Z
31,EMEA Field Marketing Manager (f/m/d)*,Berlin Office,https://job-boards.eu.greenhouse.io/parloa/jobs/4783662101,Existing,,2026-02-25T04:17:08.895Z
31,Engineering Manager - Product Engineering (f/m/d)*,Berlin Office; Remotely in Germany,https://job-boards.eu.greenhouse.io/parloa/jobs/4688953101,Existing,,2026-02-25T04:17:08.895Z
31,Enterprise Account Executive - Germany (f/m/d)*,Berlin Office; Munich Office; Remotely in Germany,https://job-boards.eu.greenhouse.io/parloa/jobs/4738000101,Existing,,2026-02-25T04:17:08.895Z
31,Enterprise Account Executive - Switzerland (f/m/d)*,Remotely in Europe ,https://job-boards.eu.greenhouse.io/parloa/jobs/4768706101,Existing,,2026-02-25T04:17:08.895Z
31,"Forward Deployed Engineer, DevOps",New York Office,https://job-boards.eu.greenhouse.io/parloa/jobs/4694390101,Existing,,2026-02-25T04:17:08.895Z
31,Founder's Associate Intern (Aug-Dec 2026) (f/m/d)*,Berlin Office,https://job-boards.eu.greenhouse.io/parloa/jobs/4187260101,Existing,,2026-02-25T04:17:08.895Z
31,Global Partnerships Manager - BPO,New York Office,https://job-boards.eu.greenhouse.io/parloa/jobs/4719511101,Existing,,2026-02-25T04:17:08.895Z
31,GSI Partnerships Manager -  (Conversational AI & Agentic AI),New York Office,https://job-boards.eu.greenhouse.io/parloa/jobs/4784741101,Existing,,2026-02-25T04:17:08.895Z
31,Lead AI Agent Architect (f/m/d)*,New York Office,https://job-boards.eu.greenhouse.io/parloa/jobs/4566280101,Existing,,2026-02-25T04:17:08.895Z
31,Lead Content Marketing,New York Office; Remotely in the USA,https://job-boards.eu.greenhouse.io/parloa/jobs/4781162101,Existing,,2026-02-25T04:17:08.895Z
31,Lead/Senior Solution Engineer (PreSales) Germany (f/m/d)*,Berlin Office; Munich Office; Remotely in Germany,https://job-boards.eu.greenhouse.io/parloa/jobs/4751662101,Existing,,2026-02-25T04:17:08.895Z
31,Lead/Senior Solution Engineer (PreSales) Switzerland (f/m/d)*,Remotely in Europe ,https://job-boards.eu.greenhouse.io/parloa/jobs/4762639101,Existing,,2026-02-25T04:17:08.895Z
31,Lead Solutions Engineer - West / Central U.S,Remotely in the USA,https://job-boards.eu.greenhouse.io/parloa/jobs/4751818101,Existing,,2026-02-25T04:17:08.895Z
31,Partner Solution Engineer ,Remotely in the USA,https://job-boards.eu.greenhouse.io/parloa/jobs/4780830101,Existing,,2026-02-25T04:17:08.895Z
31,Principal Software Engineer (f/m/d)*,Berlin Office; Remotely in Europe ; Remotely in Germany,https://job-boards.eu.greenhouse.io/parloa/jobs/4751058101,Existing,,2026-02-25T04:17:08.895Z
31,Product Trainer - EMEA (f/m/d)*,Berlin Office,https://job-boards.eu.greenhouse.io/parloa/jobs/4776872101,Existing,,2026-02-25T04:17:08.895Z
31,RVP - Central,Remotely in the USA,https://job-boards.eu.greenhouse.io/parloa/jobs/4784865101,Existing,,2026-02-25T04:17:08.895Z
31,RVP - East,Remotely in the USA,https://job-boards.eu.greenhouse.io/parloa/jobs/4784861101,Existing,,2026-02-25T04:17:08.895Z
31,"RVP - East, West , Central ",Remotely in the USA,https://job-boards.eu.greenhouse.io/parloa/jobs/4663019101,Existing,,2026-02-25T04:17:08.895Z
31,RVP - West,Remotely in the USA,https://job-boards.eu.greenhouse.io/parloa/jobs/4784860101,Existing,,2026-02-25T04:17:08.895Z
31,SAP Solution Architect – Finance & Subscription Systems (f/m/d)*,Berlin Office,https://job-boards.eu.greenhouse.io/parloa/jobs/4768602101,Existing,,2026-02-25T04:17:08.895Z
31,Senior Accountant (f/m/d)*,Berlin Office; Remotely in Germany,https://job-boards.eu.greenhouse.io/parloa/jobs/4775252101,Existing,,2026-02-25T04:17:08.895Z
31,Senior AI Agent Architect (f/m/d)*,Dublin; London; Remotely in the UK,https://job-boards.eu.greenhouse.io/parloa/jobs/4782800101,Existing,,2026-02-25T04:17:08.895Z
31,Senior AI Agent Architect (f/m/d)*,Berlin Office; Munich Office; Remotely in Germany,https://job-boards.eu.greenhouse.io/parloa/jobs/4766701101,Existing,,2026-02-25T04:17:08.895Z
31,Senior Enterprise Engagement Manager,New York Office,https://job-boards.eu.greenhouse.io/parloa/jobs/4776679101,Existing,,2026-02-25T04:17:08.895Z
31,Senior Enterprise Engagement Manager (f/m/d)*,Berlin Office; Munich Office; Remotely in Germany,https://job-boards.eu.greenhouse.io/parloa/jobs/4753586101,Existing,,2026-02-25T04:17:08.895Z
31,Senior Field Marketing Manager ,New York Office,https://job-boards.eu.greenhouse.io/parloa/jobs/4729591101,Existing,,2026-02-25T04:17:08.895Z
31,Senior Field Marketing Manager (f/m/d)*,London,https://job-boards.eu.greenhouse.io/parloa/jobs/4740459101,Existing,,2026-02-25T04:17:08.895Z
31,Senior Forward Deployed Engineer - EMEA (f/m/d),Remotely in Europe ,https://job-boards.eu.greenhouse.io/parloa/jobs/4751504101,Existing,,2026-02-25T04:17:08.895Z
31,Senior Forward Deployed Engineer (f/m/d),London,https://job-boards.eu.greenhouse.io/parloa/jobs/4747267101,Existing,,2026-02-25T04:17:08.895Z
31,Senior Forward Deployed Engineer (f/m/d),Remotely in Germany,https://job-boards.eu.greenhouse.io/parloa/jobs/4751509101,Existing,,2026-02-25T04:17:08.895Z
31,Senior Forward Deployed Engineer - US,New York Office; Remotely in the USA,https://job-boards.eu.greenhouse.io/parloa/jobs/4604587101,Existing,,2026-02-25T04:17:08.895Z
31,Senior Instructional Designer (f/m/d)*,Berlin Office; Munich Office; Remotely in Germany,https://job-boards.eu.greenhouse.io/parloa/jobs/4753934101,Existing,,2026-02-25T04:17:08.895Z
31,Senior IS&T Governance Partner,New York Office,https://job-boards.eu.greenhouse.io/parloa/jobs/4772636101,Existing,,2026-02-25T04:17:08.895Z
31,Senior/Lead Solution Engineer (PreSales) UK (w/m/d)*,Dublin; London,https://job-boards.eu.greenhouse.io/parloa/jobs/4751668101,Existing,,2026-02-25T04:17:08.895Z
31,Senior Partnerships Manager - Spain/Italy,Madrid; Remotely in Spain,https://job-boards.eu.greenhouse.io/parloa/jobs/4786707101,Existing,,2026-02-25T04:17:08.895Z
31,Senior Partnerships Manager - UKI and Northern Europe,London,https://job-boards.eu.greenhouse.io/parloa/jobs/4771240101,Existing,,2026-02-25T04:17:08.895Z
31,(Senior) Partner Solution Engineer - DACH (f/m/d)*,Berlin Office; Munich Office; Remotely in Germany,https://job-boards.eu.greenhouse.io/parloa/jobs/4753042101,Existing,,2026-02-25T04:17:08.895Z
31,Senior Value Consultant (f/m/d)*,London,https://job-boards.eu.greenhouse.io/parloa/jobs/4688149101,Existing,,2026-02-25T04:17:08.895Z
31,Senior Value Consultant - West / Central U.S,Remotely in the USA,https://job-boards.eu.greenhouse.io/parloa/jobs/4751885101,Existing,,2026-02-25T04:17:08.895Z
31,Sr Enterprise Account Executive - Central U.S,Remotely in the USA,https://job-boards.eu.greenhouse.io/parloa/jobs/4769276101,Existing,,2026-02-25T04:17:08.895Z
31,Sr Enterprise Account Executive - East U.S,Remotely in the USA,https://job-boards.eu.greenhouse.io/parloa/jobs/4767968101,Existing,,2026-02-25T04:17:08.895Z
31,Sr Enterprise Account Executive - West U.S,Remotely in the USA,https://job-boards.eu.greenhouse.io/parloa/jobs/4767913101,Existing,,2026-02-25T04:17:08.895Z
31,Sr. Performance Marketing Manager,New York Office,https://job-boards.eu.greenhouse.io/parloa/jobs/4788625101,Existing,,2026-02-25T04:17:08.895Z
31,Staff/Principal Product Manager (f/m/d)*,Berlin Office,https://job-boards.eu.greenhouse.io/parloa/jobs/4703519101,Existing,,2026-02-25T04:17:08.895Z
31,Staff Product Designer - Consumer Experience (f/m/d)*,Berlin Office,https://job-boards.eu.greenhouse.io/parloa/jobs/4679089101,Existing,,2026-02-25T04:17:08.895Z
31,Staff Product Designer - Expert Experience (f/m/d)*,Berlin Office,https://job-boards.eu.greenhouse.io/parloa/jobs/4716871101,Existing,,2026-02-25T04:17:08.895Z
31,"Team Lead, Enterprise Engagement DACH",Berlin Office; Munich Office,https://job-boards.eu.greenhouse.io/parloa/jobs/4776852101,Existing,,2026-02-25T04:17:08.895Z
31,"Team Lead, Enterprise Engagement Manager",New York Office,https://job-boards.eu.greenhouse.io/parloa/jobs/4787558101,Existing,,2026-02-25T04:17:08.895Z
31, Technical Support Engineer,Remotely in the USA,https://job-boards.eu.greenhouse.io/parloa/jobs/4781246101,Existing,,2026-02-25T04:17:08.895Z
31,Technical Support Engineer (f/m/d)*,London; Remotely in the UK,https://job-boards.eu.greenhouse.io/parloa/jobs/4776015101,Existing,,2026-02-25T04:17:08.895Z
31,Working Student GSI & BPO Partnerships (f/m/d)*,Berlin Office,https://job-boards.eu.greenhouse.io/parloa/jobs/4751844101,Existing,,2026-02-25T04:17:08.895Z
12,Full-Stack / Frontend Software Engineer,"Pittsburgh, Pennsylvania, United States",https://www.linkedin.com/jobs/view/full-stack-frontend-software-engineer-at-profitmind-4369811917,New,2026-02-25T04:17:08.895Z,2026-02-25T04:17:08.895Z
12,Senior Data Engineer,"Pittsburgh, Pennsylvania, United States",https://www.linkedin.com/jobs/view/senior-data-engineer-at-profitmind-4369558474,New,2026-02-25T04:17:08.895Z,2026-02-25T04:17:08.895Z
12,Head of Engineering,"Pittsburgh, Pennsylvania, United States",https://www.linkedin.com/jobs/view/head-of-engineering-at-profitmind-4369545685,New,2026-02-25T04:17:08.895Z,2026-02-25T04:17:08.895Z
12,Machine Learning Engineer - Optimization & Insights (Retail),"Pittsburgh, Pennsylvania, United States",https://www.linkedin.com/jobs/view/machine-learning-engineer-optimization-insights-retail-at-profitmind-4368789158,New,2026-02-25T04:17:08.895Z,2026-02-25T04:17:08.895Z
12,AI Agentic Engineer,"Pittsburgh, Pennsylvania, United States",https://www.linkedin.com/jobs/view/ai-agentic-engineer-at-profitmind-4368790049,New,2026-02-25T04:17:08.895Z,2026-02-25T04:17:08.895Z
14,Machine Learning and AI Engineer,London,https://reflexivity.firststage.co/jobs/wq3d4SmP2d/view?layout=list,New,2026-02-25T04:17:08.895Z,2026-02-25T04:17:08.895Z
14,Machine Learning and AI Engineer,New York,https://reflexivity.firststage.co/jobs/k1OdmDtTuo/view?layout=list,New,2026-02-25T04:17:08.895Z,2026-02-25T04:17:08.895Z
14,Machine Learning and Quant Engineer,London,https://reflexivity.firststage.co/jobs/mvHQDQWnPa/view?layout=list,New,2026-02-25T04:17:08.895Z,2026-02-25T04:17:08.895Z
14,Marketing Manager,New York,https://reflexivity.firststage.co/jobs/5zHyiPbfzW/view?layout=list,New,2026-02-25T04:17:08.895Z,2026-02-25T04:17:08.895Z
15,Full-stack Engineer,Sapien HQ — NYC,https://jobs.ashbyhq.com/sapien/501061fc-feb2-4201-ac60-a67bfe6dfaf9,Existing,,2026-02-25T04:17:08.895Z
15,Infrastructure Engineer,Sapien HQ — NYC,https://jobs.ashbyhq.com/sapien/d261270d-6184-41e8-9507-8b03ee870e5b,Existing,,2026-02-25T04:17:08.895Z
15,Applied AI Engineer,Sapien HQ — NYC,https://jobs.ashbyhq.com/sapien/b31a944b-075f-4302-834f-f949cd3db267,Existing,,2026-02-25T04:17:08.895Z
15,Deployed Intelligence,Sapien HQ — NYC,https://jobs.ashbyhq.com/sapien/3c8c9307-04f1-418a-881c-247486317be5,Existing,,2026-02-25T04:17:08.895Z
15,Founding GTM,Sapien HQ — NYC,https://jobs.ashbyhq.com/sapien/d13ec9db-b469-43cc-8473-2af99a7a1a16,Existing,,2026-02-25T04:17:08.895Z
15,Product Engineer,Sapien HQ — NYC,https://jobs.ashbyhq.com/sapien/e1a51be9-6d18-468f-9aed-6d58a6481007,Existing,,2026-02-25T04:17:08.895Z
15,GTM Engineer,Sapien HQ — NYC,https://jobs.ashbyhq.com/sapien/281000e9-1f14-4d9b-ac96-304be3c508a8,Existing,,2026-02-25T04:17:08.895Z
15,Marketing Lead,Sapien HQ — NYC,https://jobs.ashbyhq.com/sapien/4fe70d9d-3710-4471-8d7d-7bc8e90929fa,Existing,,2026-02-25T04:17:08.895Z
15,Community Lead,Sapien HQ — NYC,https://jobs.ashbyhq.com/sapien/0725307f-fc68-4e4a-87b8-9a4670217e18,Existing,,2026-02-25T04:17:08.895Z
16,2026 Summer Intern - Electrical Engineering,"Dallas, Texas",https://jobs.lever.co/shieldai/de0ca518-e06f-403a-a8a0-0854e3944f5a,Existing,,2026-02-25T04:17:08.895Z
16,Assistant Accountant,Melbourne,https://jobs.lever.co/shieldai/6051b468-91d9-41b2-8bfe-21b09bdf6300,Existing,,2026-02-25T04:17:08.895Z
16,"Associate Engineer, Manufacturing","Dallas, Texas",https://jobs.lever.co/shieldai/78842190-deba-4864-9ef9-272009cb15a4,Existing,,2026-02-25T04:17:08.895Z
16,Associate Production Controller (R4440),"Dallas, Texas",https://jobs.lever.co/shieldai/fa60e05e-fe8c-4815-9b29-6cc613375eeb,Existing,,2026-02-25T04:17:08.895Z
16,"Autonomy Engineer, Navigation (R4171)",United States,https://jobs.lever.co/shieldai/d4c14f3f-bf86-4592-9f50-7155f81fa1b9,Existing,,2026-02-25T04:17:08.895Z
16,Aviation Safety Officer (R4177),"Dallas, Texas",https://jobs.lever.co/shieldai/97ffd34d-83ad-4e4c-9e70-af9066c3ff06,Existing,,2026-02-25T04:17:08.895Z
16,"Business Development Manager, Japan (R3905)",Tokyo,https://jobs.lever.co/shieldai/6d6a32da-b985-45ea-adc2-1e67d4791f5a,Existing,,2026-02-25T04:17:08.895Z
16,"Business Development Manager, Saudi Arabia (R3983)",Riyadh,https://jobs.lever.co/shieldai/adb5864a-938a-4d24-8163-264f0ab2d5b2,Existing,,2026-02-25T04:17:08.895Z
16,C++ Build & Release Engineer (Edge Autonomy) (R4183),Melbourne,https://jobs.lever.co/shieldai/eb4fc5c9-92ce-427e-ab72-f52c073a5ed4,Existing,,2026-02-25T04:17:08.895Z
16,Chief Engineer,London,https://jobs.lever.co/shieldai/dd795a91-7317-44ea-8197-caf6266eb8f8,Existing,,2026-02-25T04:17:08.895Z
16,"Chief Engineer, Autonomy (R3900)","Washington, DC",https://jobs.lever.co/shieldai/144f5cec-7d0c-40eb-99b9-dd6f89fa7a91,Existing,,2026-02-25T04:17:08.895Z
16,"Composite Senior Technician, Prototype (R4333)","Dallas, Texas",https://jobs.lever.co/shieldai/ba4d0e4a-4bd3-45d9-8586-4f793afa12e0,Existing,,2026-02-25T04:17:08.895Z
16,Computer Vision Engineer (C++),Melbourne,https://jobs.lever.co/shieldai/2cfe6692-a266-4d27-8832-ef652fa57ee4,Existing,,2026-02-25T04:17:08.895Z
16,Contracts Administrator (R3799),"San Diego, California",https://jobs.lever.co/shieldai/95a57d98-1825-4dc2-a45e-cb91e31c71e5,Existing,,2026-02-25T04:17:08.895Z
16,Contracts Manager (R4442),London,https://jobs.lever.co/shieldai/9ec183e6-af57-43f9-87de-313088f06190,Existing,,2026-02-25T04:17:08.895Z
16,"Crew Chief, Next Gen Aircraft (R4387)",Wichita Metro Area,https://jobs.lever.co/shieldai/e3093ec9-254c-496d-aaa7-53a163c434f0,Existing,,2026-02-25T04:17:08.895Z
16,"Director of Business Development, Middle East",Abu Dhabi,https://jobs.lever.co/shieldai/1797f337-f646-4fd1-8f31-a8163213eaec,Existing,,2026-02-25T04:17:08.895Z
16,"Director of Communications, APAC/ME (R4580)",New Delhi,https://jobs.lever.co/shieldai/7e0b13a6-c30e-4036-956a-f637958c1fb9,Existing,,2026-02-25T04:17:08.895Z
16,"Director of Communications, Europe (R4496)",London,https://jobs.lever.co/shieldai/3bc6f499-17e8-455b-956b-595cf7b2d0e5,Existing,,2026-02-25T04:17:08.895Z
16,Director of Product Management (R4176),London,https://jobs.lever.co/shieldai/671bdb32-77fd-4059-a4c3-7c171768e1a3,Existing,,2026-02-25T04:17:08.895Z
16,"Director, Strategic Capture - US Army (R4226)","Washington, DC",https://jobs.lever.co/shieldai/63827adc-7059-4f01-a65d-d74decd4517a,Existing,,2026-02-25T04:17:08.895Z
16,Drone Operator,Tokyo,https://jobs.lever.co/shieldai/17c8f26e-d930-4a3f-b790-6019fde7a13e,Existing,,2026-02-25T04:17:08.895Z
16,Drone Operator (R4428),Kyiv,https://jobs.lever.co/shieldai/d9e03800-123d-4a15-a0c9-514c16e54780,Existing,,2026-02-25T04:17:08.895Z
16,Edge Application Software Lead (R4316),Melbourne,https://jobs.lever.co/shieldai/8d4f5ac5-f887-453f-977a-aaa1569646ac,Existing,,2026-02-25T04:17:08.895Z
16,Electrical Engineer I - Power Electronics,"Dallas, Texas",https://jobs.lever.co/shieldai/0af53b2b-e1ba-4e73-9e94-a4a689cabab9,Existing,,2026-02-25T04:17:08.895Z
16,Electrical Engineer I (BOS),"Boston, MA",https://jobs.lever.co/shieldai/37fa20c1-57dc-4aa1-9515-ecc87f22f31b,Existing,,2026-02-25T04:17:08.895Z
16,Electrical Engineer I (SD),"San Diego, California",https://jobs.lever.co/shieldai/1b229cdc-9a0b-4704-b39b-b3b4c6e3fa89,Existing,,2026-02-25T04:17:08.895Z
16,Electrical Engineer I (TX),"Dallas, Texas",https://jobs.lever.co/shieldai/c9321f8a-b367-4dcb-9308-bd64ae6bac1d,Existing,,2026-02-25T04:17:08.895Z
16,Electrical Engineer II - Power Electronics,"Dallas, Texas",https://jobs.lever.co/shieldai/622ee448-5ab3-4b2e-b20b-1fff995cbc45,Existing,,2026-02-25T04:17:08.895Z
16,"Electrical Engineer, Hardware Test (R4000)","Dallas, Texas",https://jobs.lever.co/shieldai/c7759763-15c1-447c-b9d9-6ebce48a6f69,Existing,,2026-02-25T04:17:08.895Z
16,Electrical Engineering Fall Co-op (June 2026) (R4473),"Dallas, Texas",https://jobs.lever.co/shieldai/7b4e2234-fa9a-4945-8a20-0c16d176c702,Existing,,2026-02-25T04:17:08.895Z
16,Electromechanical Engineer II (R4210),"San Diego, California",https://jobs.lever.co/shieldai/9f8cd347-850f-41d2-b622-9b4f9fb21fde,Existing,,2026-02-25T04:17:08.895Z
16,"Engineer II, Electrical Failure Analysis (R4595)","Dallas, Texas",https://jobs.lever.co/shieldai/73be298c-49d5-4f38-bdf5-93a0c0e8a7a5,Existing,,2026-02-25T04:17:08.895Z
16,"Engineer II, Payload Modeling & Simulation (Dallas/San Diego) (R4536)","Dallas, Texas",https://jobs.lever.co/shieldai/4cbba7f8-d5b8-4f98-9d86-ea967e53dfe9,Existing,,2026-02-25T04:17:08.895Z
16,"Engineer II, XBAT Simulation Modeling","Dallas, Texas",https://jobs.lever.co/shieldai/7ea01718-84bf-48d4-bd10-35b54b41c749,Existing,,2026-02-25T04:17:08.895Z
16,"Engineer, State Estimation (Dallas/San Diego/Boston/ DC/ San Fran)","Dallas, Texas",https://jobs.lever.co/shieldai/133ad6aa-d624-4fad-b1cc-1f8f42d0401f,Existing,,2026-02-25T04:17:08.895Z
16,"Engineer, State Estimation (Dallas/San Diego/Boston/ DC/ San Fran)","Dallas, Texas",https://jobs.lever.co/shieldai/78ce0ef3-2a6d-4b7f-a31e-3bf70c9da82a,Existing,,2026-02-25T04:17:08.895Z
16,"Engineer, State Estimation (Dallas/San Diego/Boston/ DC/ San Fran) (R3945)","Dallas, Texas",https://jobs.lever.co/shieldai/133e1006-4bcd-4a31-afaf-c85ad113b749,Existing,,2026-02-25T04:17:08.895Z
16,"Engineering Manager, Mechanical Systems (R4427)","San Diego, California",https://jobs.lever.co/shieldai/df95d2c2-8186-451a-8ab0-bb946098648f,Existing,,2026-02-25T04:17:08.895Z
16,Executive Assistant (R4402),"Washington, DC",https://jobs.lever.co/shieldai/c024c450-1357-41a8-bab9-41fcc27d0e09,Existing,,2026-02-25T04:17:08.895Z
16,Facilities Technician (R3842),"Dallas, Texas",https://jobs.lever.co/shieldai/5cf6b4d2-842f-4859-a4d0-b79c7dfb2e23,Existing,,2026-02-25T04:17:08.895Z
16,Field Engineer - Maritime Systems (VBAT) (R4362),"Dallas, Texas",https://jobs.lever.co/shieldai/d2460f30-ea78-4bc2-b6d0-ecab2d8c5cc2,Existing,,2026-02-25T04:17:08.895Z
16,"Flight Test Engineer, VBAT Hivemind (R4009)","Dallas, Texas",https://jobs.lever.co/shieldai/763700d9-d3f2-4f7e-87cf-ccab1e53b4e4,Existing,,2026-02-25T04:17:08.895Z
16,Flight Test Instrumentation Engineer (R4379),Wichita Metro Area,https://jobs.lever.co/shieldai/eac341c6-0b5e-480a-94a1-9275c4cbb1ea,Existing,,2026-02-25T04:17:08.895Z
16,Fuel Systems Engineer (X-BAT),"Dallas, Texas",https://jobs.lever.co/shieldai/9a6944c7-f448-45bd-a272-09c94d2faa80,Existing,,2026-02-25T04:17:08.895Z
16,Full Stack Software Engineer — Platform Applications (R4025),"San Diego, California",https://jobs.lever.co/shieldai/7755073b-fd32-465c-afe1-b6013a7904ac,Existing,,2026-02-25T04:17:08.895Z
16,"Hardware Design Specialist, High Voltage (R4480)","Dallas, Texas",https://jobs.lever.co/shieldai/c03bc781-786f-4bac-9884-4328b98e2534,Existing,,2026-02-25T04:17:08.895Z
16,"Head of Construction, Manufacturing (R4389)","Dallas, Texas",https://jobs.lever.co/shieldai/c9b1f881-e6d1-424d-9242-71d680edffb1,Existing,,2026-02-25T04:17:08.895Z
16,Hivemind Solutions Architect (R3836),"Washington, DC",https://jobs.lever.co/shieldai/0757ee68-f8c4-46bb-b737-45cf9b6ff9f7,Existing,,2026-02-25T04:17:08.895Z
16,Junior Manufacturing Planner (R4302),"Dallas, Texas",https://jobs.lever.co/shieldai/5586fbc7-13ef-4459-9cbc-a010ba304ed4,Existing,,2026-02-25T04:17:08.895Z
16,"Lead Engineer, XBAT Software Integration & Test (R3696)","Dallas, Texas",https://jobs.lever.co/shieldai/489f01c3-1704-4316-add4-c375f6e929ed,Existing,,2026-02-25T04:17:08.895Z
16,Lead Survivability Engineer (Dallas) (R4030),"Dallas, Texas",https://jobs.lever.co/shieldai/0ea1cea2-6bb5-40e9-a3ca-c9ab45498454,Existing,,2026-02-25T04:17:08.895Z
16,"Maintenance Technician, Next Gen Aircraft (R4419)",Wichita Metro Area,https://jobs.lever.co/shieldai/2dbf5f2b-bdd7-4c3f-a3d8-8dd3f5c1ce20,Existing,,2026-02-25T04:17:08.895Z
16,Manager of Revenue Accounting (R4519),"San Diego, California",https://jobs.lever.co/shieldai/bdcea94e-eda6-41ba-a3d8-c0a0b036cfe1,Existing,,2026-02-25T04:17:08.895Z
16,"Manager, Autonomy Applications Engineering","San Francisco, California",https://jobs.lever.co/shieldai/117183c5-d679-4d18-a983-827d5afa7c03,Existing,,2026-02-25T04:17:08.895Z
16,"Manager, Autonomy Applications Engineering (R3841)","Washington, DC",https://jobs.lever.co/shieldai/6fd834cd-5988-46b5-9418-d61038d2f715,Existing,,2026-02-25T04:17:08.895Z
16,"Manager, Electrical Engineering (R4191)","Dallas, Texas",https://jobs.lever.co/shieldai/f33a5494-3c49-4a20-a9d2-d8a587fedc6e,Existing,,2026-02-25T04:17:08.895Z
16,"Manager, Fleet Maintenance (R4460)","Dallas, Texas",https://jobs.lever.co/shieldai/c384cdf6-e9ec-4756-aa83-6d0f677dbe76,Existing,,2026-02-25T04:17:08.895Z
16,"Manager, Mechanical Engineering - PLM and CAD Systems","San Diego, California",https://jobs.lever.co/shieldai/8b644d89-3500-44be-9066-3615fbcb99be,Existing,,2026-02-25T04:17:08.895Z
16,"Marketing Manager, Middle East (R4253)",Abu Dhabi,https://jobs.lever.co/shieldai/dd503008-96a9-4e2a-8922-40488706849f,Existing,,2026-02-25T04:17:08.895Z
16,Mechanical Engineer II (R4489),"Dallas, Texas",https://jobs.lever.co/shieldai/44b9ae21-ca68-462b-a624-6b1e2b5ce7a6,Existing,,2026-02-25T04:17:08.895Z
16,Multi?Target Tracking & Sensor Fusion Engineer (R4172),United States,https://jobs.lever.co/shieldai/535676fc-bcbd-4696-a586-25d293e11e72,Existing,,2026-02-25T04:17:08.895Z
16,PCB Designer II,United States,https://jobs.lever.co/shieldai/b9df87d6-5640-4b27-b3ee-dd2140879360,Existing,,2026-02-25T04:17:08.895Z
16,Principal Autonomy Architect (R4375),"San Diego, California",https://jobs.lever.co/shieldai/d5395e25-7952-4a5a-b3af-6fe8311113cb,Existing,,2026-02-25T04:17:08.895Z
16,"Principal Business Development Account Executive, Army (R4357)",United States,https://jobs.lever.co/shieldai/09056701-2998-4800-b16c-c004666d6f52,Existing,,2026-02-25T04:17:08.895Z
16,"Principal Engineer, Aerospace - Flight Sciences (R4448)","Dallas, Texas",https://jobs.lever.co/shieldai/691eed6d-0308-4469-8d80-a8f82f4679b5,Existing,,2026-02-25T04:17:08.895Z
16,"Principal Engineer, Aircraft Thermal (R4353)","Dallas, Texas",https://jobs.lever.co/shieldai/e0b86a02-d7ce-4b46-971b-bd75b2aea929,Existing,,2026-02-25T04:17:08.895Z
16,"Principal Engineer, C++/Integration (R4539)",United States,https://jobs.lever.co/shieldai/f348563f-a5c9-4bbf-92eb-94fbcb64c14e,Existing,,2026-02-25T04:17:08.895Z
16,"Principal Engineer, Electrical - Power Systems (R4478)","San Diego, California",https://jobs.lever.co/shieldai/05f4d2df-31e6-4571-87bd-dfdfdafe6f5f,Existing,,2026-02-25T04:17:08.895Z
16,"Principal Engineer, Full Stack Developer (R3960)","San Diego, California",https://jobs.lever.co/shieldai/55c5676a-8b67-4379-84a8-58f591e351a6,Existing,,2026-02-25T04:17:08.895Z
16,"Principal Engineer, Sensors Integration (R4309)","Dallas, Texas",https://jobs.lever.co/shieldai/f8bc5acf-3bca-47cc-bf8a-394cf66c0377,Existing,,2026-02-25T04:17:08.895Z
16,"Principal Engineer, State Estimation (Dallas, TX) (R4035)","Dallas, Texas",https://jobs.lever.co/shieldai/d7ae4e79-ba9d-47c8-b9f8-5cba7392ba79,Existing,,2026-02-25T04:17:08.895Z
16,Principal Fuel Systems Engineer (X-BAT),"Dallas, Texas",https://jobs.lever.co/shieldai/0036466f-7c47-42ac-9df4-3485ad0f75e2,Existing,,2026-02-25T04:17:08.895Z
16,Principal Loads Engineer (R3263),United States,https://jobs.lever.co/shieldai/c0dab641-3856-4102-9665-7dcb9319faa9,Existing,,2026-02-25T04:17:08.895Z
16,"Principal Mechanical Engineer, Structural Design (R4444)",United States,https://jobs.lever.co/shieldai/4bc0d612-d68b-43ce-8bb2-19e07d0577c7,Existing,,2026-02-25T04:17:08.895Z
16,Principal Structural Analyst (R3263),"Dallas, Texas",https://jobs.lever.co/shieldai/2280f319-ae7d-4b12-b990-e746641178de,Existing,,2026-02-25T04:17:08.895Z
16,Principal Structural Analyst (R3263),United States,https://jobs.lever.co/shieldai/29d5b3ec-2401-4b2c-9571-5fa6fecb6c0c,Existing,,2026-02-25T04:17:08.895Z
16,"Product Manager,  AI Platforms (R3865)","San Diego, California",https://jobs.lever.co/shieldai/7886f437-2d5e-4616-8dcb-3dc488f1f585,Existing,,2026-02-25T04:17:08.895Z
16,"Product Manager, Analysis and Simulation (R4504)","San Diego, California",https://jobs.lever.co/shieldai/9bb06428-e22a-4538-9e5c-ffc75c89c4dd,Existing,,2026-02-25T04:17:08.895Z
16,"Production Supervisor, VBAT (R4303)","Dallas, Texas",https://jobs.lever.co/shieldai/6278fa5f-9162-480c-a2ad-c4cd229aa382,Existing,,2026-02-25T04:17:08.895Z
16,Production Technician (R3973),"Dallas, Texas",https://jobs.lever.co/shieldai/efe94990-c80b-45b6-949b-71dde71235d2,Existing,,2026-02-25T04:17:08.895Z
16,Program Manager (R4457),"Dallas, Texas",https://jobs.lever.co/shieldai/7abe200a-c345-45fb-9869-5e21967ee6a4,Existing,,2026-02-25T04:17:08.895Z
16,"Program Manager, VBAT Programs - R3617",Taipei,https://jobs.lever.co/shieldai/a9edeecb-f6f4-4939-9107-f20ea2f1262b,Existing,,2026-02-25T04:17:08.895Z
16,"Program Manager, VBAT Programs (R4566)","Dallas, Texas",https://jobs.lever.co/shieldai/53128e75-2a40-467a-ae98-bbcfc49e5e4d,Existing,,2026-02-25T04:17:08.895Z
16,Quality Engineering Technician (R4213),"Dallas, Texas",https://jobs.lever.co/shieldai/07106459-8745-4a15-9dc3-f8a3eb81ab64,Existing,,2026-02-25T04:17:08.895Z
16,Receiving Quality Inspector (R4506),"Dallas, Texas",https://jobs.lever.co/shieldai/4e0b7a1e-e8e4-4732-ab6f-cefe1a1a7a00,Existing,,2026-02-25T04:17:08.895Z
16,Senior Accountant (R4209),"San Francisco, California",https://jobs.lever.co/shieldai/95c50e01-ec56-4b9b-b4ee-3e2a95e60464,Existing,,2026-02-25T04:17:08.895Z
16,"Senior Accountant, International (R4207)","San Francisco, California",https://jobs.lever.co/shieldai/e794effc-16e5-434b-9d95-a927432590de,Existing,,2026-02-25T04:17:08.895Z
16,"Senior Applications Engineer, Autonomy","San Diego, California",https://jobs.lever.co/shieldai/2394368a-67ff-441c-83c3-e998446327e7,Existing,,2026-02-25T04:17:08.895Z
16,Senior Cloud Engineer (R4222),"San Diego, California",https://jobs.lever.co/shieldai/702e2609-db48-49ab-8bec-d405c956a6ce,Existing,,2026-02-25T04:17:08.895Z
16,Senior Communications Engineer (Hiring at Multiple Levels),"Dallas, Texas",https://jobs.lever.co/shieldai/1a2aa3ca-7742-4da0-bc9a-a804a70c8e7a,Existing,,2026-02-25T04:17:08.895Z
16,Senior Contracts Manager (R4378),"Washington, DC",https://jobs.lever.co/shieldai/b2817f5b-22bd-4dbc-9955-64267aa2fb2b,Existing,,2026-02-25T04:17:08.895Z
16,Senior Deep Learning Engineer (R4258),Melbourne,https://jobs.lever.co/shieldai/8df970d4-9ed9-4b93-9f67-701126548941,Existing,,2026-02-25T04:17:08.895Z
16,"Senior Director, HRBP - Aircraft (R4396)","Dallas, Texas",https://jobs.lever.co/shieldai/63b5022a-43bf-4e97-9b24-282bd6009904,Existing,,2026-02-25T04:17:08.895Z
16,"Senior Director, Joint Staff/OSW Strategic Capture (R4259)","Washington, DC",https://jobs.lever.co/shieldai/b6c8b63f-334a-4c5b-8de3-2de561dd37c4,Existing,,2026-02-25T04:17:08.895Z
16,Senior Electrical Engineer (R4355),"Dallas, Texas",https://jobs.lever.co/shieldai/0fc2025e-01ba-452b-b3e7-d3df4de88a08,Existing,,2026-02-25T04:17:08.895Z
16,"Senior Electrical Engineer, Hardware Test (R4000)","Dallas, Texas",https://jobs.lever.co/shieldai/990155eb-64c4-4fc7-85ce-3de1f1564bf2,Existing,,2026-02-25T04:17:08.895Z
16,"Senior Electrical Engineer, Hardware Test (R4000) (BOS)","Boston, MA",https://jobs.lever.co/shieldai/14cb1844-986d-46ea-b2a5-16135c7acdd9,Existing,,2026-02-25T04:17:08.895Z
16,Senior Electronics Lab Technician (R4433),"Dallas, Texas",https://jobs.lever.co/shieldai/853b84bf-4fb5-4e62-98b0-26cde2949ee4,Existing,,2026-02-25T04:17:08.895Z
16,"Senior Engineer, Aeronautical Modeling & Simulation (Dallas/San Diego) (R4538)","Dallas, Texas",https://jobs.lever.co/shieldai/899822bb-7c18-45c5-ac34-7b84cc689f9e,Existing,,2026-02-25T04:17:08.895Z
16,"Senior Engineer, Autonomy - Tactical Behaviors (R4235)","Washington, DC",https://jobs.lever.co/shieldai/1af75b70-43ff-457b-858b-2935e7c8983a,Existing,,2026-02-25T04:17:08.895Z
16,"Senior Engineer, Build and CI (R4220)","San Diego, California",https://jobs.lever.co/shieldai/6cdd98c9-6579-4609-8ac3-9fc0604f6160,Existing,,2026-02-25T04:17:08.895Z
16,"Senior Engineer, C++ Systems Integration (4020)","Washington, DC",https://jobs.lever.co/shieldai/c146c0dc-0d3f-4a2a-bc63-57558ddc861c,Existing,,2026-02-25T04:17:08.895Z
16,"Senior Engineer, C++ Systems Integration (R4019)","Washington, DC",https://jobs.lever.co/shieldai/cad49efe-0673-4c6c-999a-1ef6388312ca,Existing,,2026-02-25T04:17:08.895Z
16,"Senior Engineer, Embedded OS (SD/TX/Bos) (R3793)","Dallas, Texas",https://jobs.lever.co/shieldai/d5fdafe1-2e50-4543-98b1-38f3a3d26e12,Existing,,2026-02-25T04:17:08.895Z
16,"Senior Engineer, Fluid Systems (R3818) (V-BAT)","Dallas, Texas",https://jobs.lever.co/shieldai/81d75a1f-1d16-4568-a1db-ecb4a88e2e9f,Existing,,2026-02-25T04:17:08.895Z
16,"Senior Engineer, Foundry Applications (R3934)","Dallas, Texas",https://jobs.lever.co/shieldai/c2479afc-d804-4b2a-a3b8-0b111f785e8e,Existing,,2026-02-25T04:17:08.895Z
16,"Senior Engineer, Manufacturing - Material Flow (R4547)","Dallas, Texas",https://jobs.lever.co/shieldai/9ed7c978-bbae-48b5-8b42-fe1d6e7d79b5,Existing,,2026-02-25T04:17:08.895Z
16,"Senior Engineer, Manufacturing (R4265)","Dallas, Texas",https://jobs.lever.co/shieldai/836d3989-cb7c-455c-8594-c56f97022182,Existing,,2026-02-25T04:17:08.895Z
16,"Senior Engineer, Mechanical Design - V-BAT (R4467)","Dallas, Texas",https://jobs.lever.co/shieldai/af5cef92-2843-4c4d-bf6c-6ba514208d2a,Existing,,2026-02-25T04:17:08.895Z
16,"Senior Engineer, Mechanical Test (R4582)","Dallas, Texas",https://jobs.lever.co/shieldai/13c02cef-8e99-47c4-a264-a442798d5b5a,Existing,,2026-02-25T04:17:08.895Z
16,"Senior Engineer, Mission Processing and Architecture (Hiring at Multiple Levels)","Dallas, Texas",https://jobs.lever.co/shieldai/5e7f78df-f6c4-43a8-9b81-e775b42f553a,Existing,,2026-02-25T04:17:08.895Z
16,"Senior Engineer, Mission Systems (Avionics & Sensor Integration) (R4014)","Dallas, Texas",https://jobs.lever.co/shieldai/4eee4290-8519-4b1b-8010-84373fcd1e5f,Existing,,2026-02-25T04:17:08.895Z
16,"Senior Engineer, Mission Systems (Hiring at Multiple Levels)","Dallas, Texas",https://jobs.lever.co/shieldai/dab6c7df-d56a-4993-ab0c-c53a72698eb3,Existing,,2026-02-25T04:17:08.895Z
16,"Senior Engineer, Radar Modeling & Simulation (Dallas/San Diego) (R4537)","Dallas, Texas",https://jobs.lever.co/shieldai/5118a08f-4ae8-431f-a06f-6dba3eaff113,Existing,,2026-02-25T04:17:08.895Z
16,"Senior Engineer, Simulation Application (Hiring at Multiple Levels)","Dallas, Texas",https://jobs.lever.co/shieldai/cd427330-f513-4132-a118-050965c79c80,Existing,,2026-02-25T04:17:08.895Z
16,"Senior Engineer, Simulation Applications (Dallas/San Diego) (R4535)","Dallas, Texas",https://jobs.lever.co/shieldai/49ba177b-7759-460e-a778-e76fa297af35,Existing,,2026-02-25T04:17:08.895Z
16,"Senior Engineer, Software - Autonomous Aircraft Integration (R4240)","Washington, DC",https://jobs.lever.co/shieldai/3daaf9c5-164e-4a8e-abc9-b475a38522c3,Existing,,2026-02-25T04:17:08.895Z
16,"Senior Engineer, Software - Perception (R3771)","San Diego, California",https://jobs.lever.co/shieldai/d6f1d906-5c1e-4640-87f3-3e31e1b45fa6,Existing,,2026-02-25T04:17:08.895Z
16,"Senior Engineer, Software (R4430)","Washington, DC",https://jobs.lever.co/shieldai/4c7618ac-9d1e-451d-a30b-4b8476c091d5,Existing,,2026-02-25T04:17:08.895Z
16,"Senior Engineer, Software Autonomy Applications",Amsterdam,https://jobs.lever.co/shieldai/c885261d-0c85-48c3-8059-8be12eb4cb19,Existing,,2026-02-25T04:17:08.895Z
16,"Senior Engineer, Software Integration and Test (R4461)","San Diego, California",https://jobs.lever.co/shieldai/21d73732-e08b-415e-a6ec-b2763b6faaeb,Existing,,2026-02-25T04:17:08.895Z
16,"Senior Engineer, State Estimation (R3945)","Dallas, Texas",https://jobs.lever.co/shieldai/0c6acdd5-a39b-4ad3-84fa-b1a1f83409d3,Existing,,2026-02-25T04:17:08.895Z
16,"Senior Engineer, Systems Integration (R4310)","San Diego, California",https://jobs.lever.co/shieldai/a327cbe1-915b-4745-b730-376041d91202,Existing,,2026-02-25T04:17:08.895Z
16,"Senior Engineer, Systems Test (R4472)","Washington, DC",https://jobs.lever.co/shieldai/498f7d45-a951-45ad-aa7f-3f54bf3dd2bb,Existing,,2026-02-25T04:17:08.895Z
16,"Senior Engineer, XBAT Simulation Modeling","Dallas, Texas",https://jobs.lever.co/shieldai/8a471d5b-833a-402c-b7a5-4c22b3aee16a,Existing,,2026-02-25T04:17:08.895Z
16,"Senior Engineering Manager, Power Electronics (R4421)","Dallas, Texas",https://jobs.lever.co/shieldai/72c271c7-6419-43b9-8d9c-b047adbee664,Existing,,2026-02-25T04:17:08.895Z
16,Senior Fleet Technician (R4254),"Dallas, Texas",https://jobs.lever.co/shieldai/c6162f3b-ea60-4690-b3ba-88e37d4b9f0f,Existing,,2026-02-25T04:17:08.895Z
16,Senior Flight Test Engineer (R4221),"Washington, DC",https://jobs.lever.co/shieldai/562910e7-095a-47b3-b38c-a91d4f7a86fd,Existing,,2026-02-25T04:17:08.895Z
16,Senior Ground Control Station (GCS) Software Engineer,"Dallas, Texas",https://jobs.lever.co/shieldai/cf148e69-2ca0-4bfd-a4cc-af214bfcce8a,Existing,,2026-02-25T04:17:08.895Z
16,"Senior Integration & Test Engineer, Autonomy (R4151)","Dallas, Texas",https://jobs.lever.co/shieldai/4d34c82f-f740-4785-b8a9-8e4ae9129c44,Existing,,2026-02-25T04:17:08.895Z
16,"Senior Manager, Autonomy - Tactical Behaviors (R3778)","Washington, DC",https://jobs.lever.co/shieldai/b6ba7e12-0225-4883-a5b1-0aa4c7eaa183,Existing,,2026-02-25T04:17:08.895Z
16,"Senior Manager, Autonomy Applications Engineering (R3841)","Washington, DC",https://jobs.lever.co/shieldai/7952271c-8578-42d8-a587-4707c3eb9d0d,Existing,,2026-02-25T04:17:08.895Z
16,"Senior Manager, Autonomy Integration (SD/DC) (R3432)","Washington, DC",https://jobs.lever.co/shieldai/5f3cd249-0401-4a28-b830-55ed0a2a3222,Existing,,2026-02-25T04:17:08.895Z
16,"Senior Manager, Avionics Mechanical Engineering (R4416)","San Diego, California",https://jobs.lever.co/shieldai/6e5d59f1-cd4a-451b-be66-5db9af34df44,Existing,,2026-02-25T04:17:08.895Z
16,"Senior Manager, Embedded (Dallas/Boston) (R4481)","Dallas, Texas",https://jobs.lever.co/shieldai/f7045d86-4337-46cb-abaf-319ac8cad0a3,Existing,,2026-02-25T04:17:08.895Z
16,"Senior Manager, Enterprise Technology Services (SD/TX/DC/Bos/SF)","San Diego, California",https://jobs.lever.co/shieldai/08dc7d5c-556f-44aa-81be-b7da5de95640,Existing,,2026-02-25T04:17:08.895Z
16,"Senior Manager, Perception (R3634)","San Diego, California",https://jobs.lever.co/shieldai/501e3703-1a63-4773-b961-6029e5fb71d6,Existing,,2026-02-25T04:17:08.895Z
16,"Senior Manager, Software - Autonomous Aircraft Integration (R3774)","Washington, DC",https://jobs.lever.co/shieldai/53d404c6-d2cd-4b97-934f-7b17b2a76768,Existing,,2026-02-25T04:17:08.895Z
16,"Senior Manager, Software - Perception (R3770)","Washington, DC",https://jobs.lever.co/shieldai/cebc0dd3-ffbf-4013-a2ad-ae32732cabd3,Existing,,2026-02-25T04:17:08.895Z
16,"Senior Manager, Software Engineering - Ground Control Station (R4410)","Dallas, Texas",https://jobs.lever.co/shieldai/a1ddeae7-6f42-42f6-9cf3-d93abb17af19,Existing,,2026-02-25T04:17:08.895Z
16,"Senior Manager, Technical Program Management (R4197)",Lviv,https://jobs.lever.co/shieldai/cf22bade-ce5f-4c53-9dbd-49aa997b45b4,Existing,,2026-02-25T04:17:08.895Z
16,"Senior Manager, Vehicle Engineering (R4283)","Dallas, Texas",https://jobs.lever.co/shieldai/fa7ec42c-a533-453c-bb09-78223994c0fb,Existing,,2026-02-25T04:17:08.895Z
16,Senior Mechanical Engineer - Launch & Recovery Systems (R4564),"Dallas, Texas",https://jobs.lever.co/shieldai/e07e2ad4-19fb-4ba8-bb23-3c11d132fbae,Existing,,2026-02-25T04:17:08.895Z
16,"Senior Mechanical Engineer, Hardware Test (R4325)","Dallas, Texas",https://jobs.lever.co/shieldai/b3d841b0-9655-4d47-9119-5f0e8a601f7b,Existing,,2026-02-25T04:17:08.895Z
16,"Senior Mechanical Engineer, Structural Design (R4443)","Dallas, Texas",https://jobs.lever.co/shieldai/115aa1cf-8ac5-4002-8b75-5c7e64945883,Existing,,2026-02-25T04:17:08.895Z
16,Senior Operations Analyst (R4487),"Washington, DC",https://jobs.lever.co/shieldai/99975ad6-3b57-494b-9374-b46a761a097e,Existing,,2026-02-25T04:17:08.895Z
16,"Senior Principal Engineer, RF (R4491)","Dallas, Texas",https://jobs.lever.co/shieldai/3d073907-8204-4d5a-82b8-40a64ae75844,Existing,,2026-02-25T04:17:08.895Z
16,Senior Propulsion Design Engineer (R4160) (X-BAT),"Dallas, Texas",https://jobs.lever.co/shieldai/479dcceb-721c-454f-af42-6de0bc75811a,Existing,,2026-02-25T04:17:08.895Z
16,Senior Software Engineer (C++/Networking) (R3792),"San Diego, California",https://jobs.lever.co/shieldai/0e47dd9c-7f4f-4e3d-a502-ec2aad3b5ce0,Existing,,2026-02-25T04:17:08.895Z
16,"Senior Software Engineer, Autonomy Applications Engineering",New Delhi,https://jobs.lever.co/shieldai/c223a9c5-e3b3-4da1-b523-1b1045bdf296,Existing,,2026-02-25T04:17:08.895Z
16,"Senior Software Engineer, Embedded Applications (R3155)","Boston, MA",https://jobs.lever.co/shieldai/6bb0bc83-a790-4633-b872-ca062ed9d1e7,Existing,,2026-02-25T04:17:08.895Z
16,"Senior Software Engineer, Embedded Firmware","Dallas, Texas",https://jobs.lever.co/shieldai/7ba97122-8ac7-48ee-b481-b3b93759d308,Existing,,2026-02-25T04:17:08.895Z
16,"Senior Software Engineer, Hardware Test (R3998)","Dallas, Texas",https://jobs.lever.co/shieldai/a6b11a01-e749-4b1a-90a4-828524ceb7a0,Existing,,2026-02-25T04:17:08.895Z
16,"Senior Staff Applications Engineer, Autonomy (R4407)","Washington, DC",https://jobs.lever.co/shieldai/883aac91-bcc3-4b98-9d8e-52b4237f5260,Existing,,2026-02-25T04:17:08.895Z
16,Senior Staff Customer Success Manager (R3710),"Washington, DC",https://jobs.lever.co/shieldai/fd938d01-0807-4cf1-95df-5dd97b0faf21,Existing,,2026-02-25T04:17:08.895Z
16,Senior Staff Designer (R4320),"San Diego, California",https://jobs.lever.co/shieldai/1a538fba-796a-47ab-b956-20157a43f16f,Existing,,2026-02-25T04:17:08.895Z
16,"Senior Staff Engineer, Advanced Manufacturing (R4359)","Dallas, Texas",https://jobs.lever.co/shieldai/38657de3-7e8d-4be8-80a4-e898a68727e6,Existing,,2026-02-25T04:17:08.895Z
16,"Senior Staff Engineer, Autonomy - Tactical Behaviors (R4073)","Washington, DC",https://jobs.lever.co/shieldai/d345caad-82d3-4d53-ba5f-c93882547f09,Existing,,2026-02-25T04:17:08.895Z
16,"Senior Staff Engineer, Mechanical Design - V-BAT (R4467)","Dallas, Texas",https://jobs.lever.co/shieldai/04d7771a-f6d7-45f0-bbc4-47ce0d9be812,Existing,,2026-02-25T04:17:08.895Z
16,"Senior Staff Engineer, Mechanical Design (R4485)","San Diego, California",https://jobs.lever.co/shieldai/dd04968d-1131-4f0c-9da0-0e2d3f03856f,Existing,,2026-02-25T04:17:08.895Z
16,"Senior Staff Engineer, Mechanical Test (R4413)","Dallas, Texas",https://jobs.lever.co/shieldai/e949e412-bf17-416d-a460-291d20a2c599,Existing,,2026-02-25T04:17:08.895Z
16,"Senior Staff Engineer, Mission Systems (R3929)","Washington, DC",https://jobs.lever.co/shieldai/a9e683af-6f4c-4200-918d-bf09f4e6d7ed,Existing,,2026-02-25T04:17:08.895Z
16,"Senior Staff Engineer, Software - Autonomous Aircraft Integration (R3949)","Washington, DC",https://jobs.lever.co/shieldai/25011392-094f-482c-b007-f307fb8c4f9f,Existing,,2026-02-25T04:17:08.895Z
16,"Senior Staff Engineer, Software - Perception (R4234)","San Diego, California",https://jobs.lever.co/shieldai/5cf8609e-ce9a-47e9-8956-00dae756e406,Existing,,2026-02-25T04:17:08.895Z
16,"Senior Staff Engineer, Software (C++/Networking) (R4337)","San Diego, California",https://jobs.lever.co/shieldai/ed0205dd-46b7-4261-bf6b-499aaa754664,Existing,,2026-02-25T04:17:08.895Z
16,"Senior Staff Engineer, Software Autonomy Applications (R3906)",Amsterdam,https://jobs.lever.co/shieldai/c83937ad-af8a-4077-ae41-98b9a2f9241a,Existing,,2026-02-25T04:17:08.895Z
16,"Senior Staff Engineer, State Estimation (R4453)",United States,https://jobs.lever.co/shieldai/ec78df90-d415-432b-a19f-799b4942e37f,Existing,,2026-02-25T04:17:08.895Z
16,"Senior Staff Engineer, Systems Test (R3896)","Washington, DC",https://jobs.lever.co/shieldai/617ba406-1664-4fc3-8735-8ea51168724f,Existing,,2026-02-25T04:17:08.895Z
16,Senior Staff Mechanical Engineer - Launch & Recovery Systems (R4564),"Dallas, Texas",https://jobs.lever.co/shieldai/38bb51c6-6e83-4999-a12b-f1774263d400,Existing,,2026-02-25T04:17:08.895Z
16,"Senior Staff Mechanical Engineer, Structural Design (R4443)","Dallas, Texas",https://jobs.lever.co/shieldai/a5edfbaa-523a-4642-a889-e588883ea24e,Existing,,2026-02-25T04:17:08.895Z
16,Senior Staff Mechatronics Engineer (R4386),Melbourne,https://jobs.lever.co/shieldai/962c1ed9-256d-421c-b414-f066a0782381,Existing,,2026-02-25T04:17:08.895Z
16,Senior Staff Operations Analyst (R4487),"Washington, DC",https://jobs.lever.co/shieldai/c20dd47f-751f-4750-ab67-f352410aa5ac,Existing,,2026-02-25T04:17:08.895Z
16,Senior Staff PCB Designer,United States,https://jobs.lever.co/shieldai/708508b7-4306-4fad-a40f-5342d8f1d925,Existing,,2026-02-25T04:17:08.895Z
16,Senior Staff Product Manager (R4198),London,https://jobs.lever.co/shieldai/4239664c-93e2-497e-9ec0-67c6f0e5eda7,Existing,,2026-02-25T04:17:08.895Z
16,Senior Staff Propulsion Design Engineer (R4160) (X-BAT),"Dallas, Texas",https://jobs.lever.co/shieldai/6d970989-a9cf-449b-9b95-067bcaccc7d5,Existing,,2026-02-25T04:17:08.895Z
16,Senior Staff Propulsion Engineer (TVC) (X-BAT) (R4160),"Dallas, Texas",https://jobs.lever.co/shieldai/fd347d9c-3dc1-401e-aec2-43b5b38bc260,Existing,,2026-02-25T04:17:08.895Z
16,Senior Staff Propulsion Test Engineer (R4380),Wichita Metro Area,https://jobs.lever.co/shieldai/c3e09d7f-cbd3-4e25-b1eb-cbb6e06d8459,Existing,,2026-02-25T04:17:08.895Z
16,Senior Staff Systems Engineer (R3928),"San Diego, California",https://jobs.lever.co/shieldai/0a7f0460-5035-4959-9713-80471fcae3c1,Existing,,2026-02-25T04:17:08.895Z
16,Senior Staff Technical Program Manager (R3880),"Washington, DC",https://jobs.lever.co/shieldai/8a05f39f-0106-41ec-afa0-8a793f0e4e9c,Existing,,2026-02-25T04:17:08.895Z
16,Senior Staff Thermal Engineer - Aircraft Avionics & Thermal Systems (R3930),"Dallas, Texas",https://jobs.lever.co/shieldai/eef811a9-5e6d-44af-9ee2-f4259de7aeee,Existing,,2026-02-25T04:17:08.895Z
16,Senior Structural Analyst (R3263),"Dallas, Texas",https://jobs.lever.co/shieldai/91bb6c88-3b5a-4bd6-ada5-3133315449b5,Existing,,2026-02-25T04:17:08.895Z
16,"Senior Technical Engineering Manager, Software Autonomy Applications (R4351)",New Delhi,https://jobs.lever.co/shieldai/ec3a8ce3-aefb-40fe-ab2c-ae2c231e6116,Existing,,2026-02-25T04:17:08.895Z
16,"Senior Technician, Hardware Test (R4423)","Dallas, Texas",https://jobs.lever.co/shieldai/44da0d02-7c4e-47b2-bdd8-d6c6a6a8682b,Existing,,2026-02-25T04:17:08.895Z
16,Senior Weld Technician (R4214),"Dallas, Texas",https://jobs.lever.co/shieldai/89b3b312-f36f-4d2e-9e30-d5067ed0f103,Existing,,2026-02-25T04:17:08.895Z
16,Social Media Manager (R4513),"San Francisco, California",https://jobs.lever.co/shieldai/05ae7fc1-76c8-4cd7-aba9-1fed8e12ab3d,Existing,,2026-02-25T04:17:08.895Z
16,"Software Test Engineer, VBAT Software Integration & Test","Dallas, Texas",https://jobs.lever.co/shieldai/d0635c93-bb07-4585-80d3-c53aaa2fdf6d,Existing,,2026-02-25T04:17:08.895Z
16,"Sr. Engineering Manager, Discrete Planning for Autonomy (R4318)","San Francisco, California",https://jobs.lever.co/shieldai/599f87bd-8c57-4f8d-a453-f3e00eb0178c,Existing,,2026-02-25T04:17:08.895Z
16,"Sr. Engineering Manager, Discrete Planning for Autonomy (R4318)","San Diego, California",https://jobs.lever.co/shieldai/f10c0aed-f100-4f74-a56c-b1346e14d1f0,Existing,,2026-02-25T04:17:08.895Z
16,Sr. Sourcing Specialist - Indirect (R4463),"Dallas, Texas",https://jobs.lever.co/shieldai/515658a7-d371-48ac-aea4-0c09d6ade3a6,Existing,,2026-02-25T04:17:08.895Z
16,Staff 3D Artist (R4182),"San Francisco, California",https://jobs.lever.co/shieldai/045a6518-d34b-40b4-a370-cf112f742608,Existing,,2026-02-25T04:17:08.895Z
16,"Staff Applications Engineer, Autonomy","San Diego, California",https://jobs.lever.co/shieldai/277d8a41-6b43-4135-bbd1-86cd95189720,Existing,,2026-02-25T04:17:08.895Z
16,"Staff Applications Engineer, Autonomy","San Francisco, California",https://jobs.lever.co/shieldai/c10716ef-81bb-467c-9325-7e137895280a,Existing,,2026-02-25T04:17:08.895Z
16,"Staff Curriculum Manager, Autonomy (R4319)","Washington, DC",https://jobs.lever.co/shieldai/f559b5ea-b947-452a-b768-b276bd97fc81,Existing,,2026-02-25T04:17:08.895Z
16,Staff Electrical Engineer - Power Electronics,"Dallas, Texas",https://jobs.lever.co/shieldai/f65710e5-b21e-47db-8990-933634e36d87,Existing,,2026-02-25T04:17:08.895Z
16,Staff Electrical Engineer (R4027),"Dallas, Texas",https://jobs.lever.co/shieldai/287b6bce-52fc-4a64-9fe9-f25445baf6eb,Existing,,2026-02-25T04:17:08.895Z
16,Staff Electrical Quality Engineer (R3530),"Dallas, Texas",https://jobs.lever.co/shieldai/44c749e3-ccfe-49df-8a97-a1c02f89aaeb,Existing,,2026-02-25T04:17:08.895Z
16,Staff Electromechanical Engineer (R4211),"San Diego, California",https://jobs.lever.co/shieldai/9bcb9757-e74e-4a16-9f45-68630935b2b0,Existing,,2026-02-25T04:17:08.895Z
16,"Staff Engineer, Advanced Manufacturing (R4301)","Dallas, Texas",https://jobs.lever.co/shieldai/6e5e0b9b-ddbd-43c3-bf01-3d0d0f29109c,Existing,,2026-02-25T04:17:08.895Z
16,"Staff Engineer, Aircraft Configuration Design (R4028)","San Diego, California",https://jobs.lever.co/shieldai/0d9b57b1-24ab-4ad7-9c6a-453e6a2960e2,Existing,,2026-02-25T04:17:08.895Z
16,"Staff Engineer, Autonomy - Tactical Behaviors (R3914)","Washington, DC",https://jobs.lever.co/shieldai/9c66691e-4497-4a25-8fe8-c9fdf09046ea,Existing,,2026-02-25T04:17:08.895Z
16,"Staff Engineer, C++ Systems Integration (R4016)","Washington, DC",https://jobs.lever.co/shieldai/8b2b23c7-5841-4783-b8da-4c8222dd9f34,Existing,,2026-02-25T04:17:08.895Z
16,"Staff Engineer, C++ Systems Integration (R4017)","Washington, DC",https://jobs.lever.co/shieldai/0428f808-4977-4289-969e-8eeb3156e4c2,Existing,,2026-02-25T04:17:08.895Z
16,"Staff Engineer, C++ Systems Integration (R4018)","Washington, DC",https://jobs.lever.co/shieldai/76691555-47d7-4801-800a-b3386a8bb8de,Existing,,2026-02-25T04:17:08.895Z
16,"Staff Engineer, Composite Manufacturing","Dallas, Texas",https://jobs.lever.co/shieldai/5f562503-1655-4a53-91fc-b6ea72d1841b,Existing,,2026-02-25T04:17:08.895Z
16,"Staff Engineer, Electrical","San Diego, California",https://jobs.lever.co/shieldai/9a3a2c7f-c5f5-4253-b173-560f102fc13c,Existing,,2026-02-25T04:17:08.895Z
16,"Staff Engineer, Flight Test (R4559)","San Diego, California",https://jobs.lever.co/shieldai/03b99025-756a-45ce-a165-04c5ab910d43,Existing,,2026-02-25T04:17:08.895Z
16,"Staff Engineer, Full Stack Software - Autonomy Tooling & Visualization (R4350)","San Diego, California",https://jobs.lever.co/shieldai/78f39483-2390-4de0-9417-2f51c6e47985,Existing,,2026-02-25T04:17:08.895Z
16,"Staff Engineer, HIL Integration (R4354)","Washington, DC",https://jobs.lever.co/shieldai/6f2bc5f8-5d9d-42f6-a8c4-95c584a051b8,Existing,,2026-02-25T04:17:08.895Z
16,"Staff Engineer, Manufacturing","Dallas, Texas",https://jobs.lever.co/shieldai/60960e9b-f39e-48bf-b2ea-f61a58db8a5d,Existing,,2026-02-25T04:17:08.895Z
16,"Staff Engineer, Mission Systems (Avionics & Sensor Integration) (R4015)","Dallas, Texas",https://jobs.lever.co/shieldai/695db7aa-572e-46b7-af0e-5586f43e71c0,Existing,,2026-02-25T04:17:08.895Z
16,"Staff Engineer, Platform/SRE (R4188)","Dallas, Texas",https://jobs.lever.co/shieldai/3992490c-f070-4e5d-9cdd-5a035b21b5a3,Existing,,2026-02-25T04:17:08.895Z
16,"Staff Engineer, Power System Battery Pack Designer (R4479)","Dallas, Texas",https://jobs.lever.co/shieldai/6b63f120-fedc-4157-95cb-6eebe9854538,Existing,,2026-02-25T04:17:08.895Z
16,"Staff Engineer, Production (R4300)","Dallas, Texas",https://jobs.lever.co/shieldai/b1bc272c-ad7b-4af3-9676-1f1132485492,Existing,,2026-02-25T04:17:08.895Z
16,"Staff Engineer, Software - Autonomous Aircraft Integration (R4241)","Washington, DC",https://jobs.lever.co/shieldai/6265ee65-8136-41b5-9279-97f9a4b1d2f6,Existing,,2026-02-25T04:17:08.895Z
16,"Staff Engineer, Software - Perception (R3771)","San Diego, California",https://jobs.lever.co/shieldai/8739c509-b6ea-4640-bcc1-c8b5b1de31b2,Existing,,2026-02-25T04:17:08.895Z
16,"Staff Engineer, Software Autonomy (Dallas/San Diego)","Dallas, Texas",https://jobs.lever.co/shieldai/8d67d124-2179-43f6-b460-43b70e1a2656,Existing,,2026-02-25T04:17:08.895Z
16,"Staff Engineer, Software Autonomy Applications (R3908)",Amsterdam,https://jobs.lever.co/shieldai/8690bc50-83d1-40bd-bd7f-0bc0b7814e98,Existing,,2026-02-25T04:17:08.895Z
16,"Staff Engineer, Software Certification Implementation (R4371)","San Diego, California",https://jobs.lever.co/shieldai/0b13aefc-5532-4f18-ba8b-d959f9843063,Existing,,2026-02-25T04:17:08.895Z
16,"Staff Engineer, Software Integration (R4482)","San Diego, California",https://jobs.lever.co/shieldai/ed36d9df-a47e-4905-8e2b-aaee98182df8,Existing,,2026-02-25T04:17:08.895Z
16,"Staff Engineer, Software Systems (R4445)","San Diego, California",https://jobs.lever.co/shieldai/5066a608-9185-4426-831b-c0ade202c358,Existing,,2026-02-25T04:17:08.895Z
16,"Staff Engineer, Software Test (R3936)","Dallas, Texas",https://jobs.lever.co/shieldai/cee31cc9-daae-40d5-824e-6e53a0a34ffd,Existing,,2026-02-25T04:17:08.895Z
16,"Staff Engineer, State Estimation (Dallas/San Diego/Boston/ DC/ San Fran)","Dallas, Texas",https://jobs.lever.co/shieldai/f8849287-b9ff-4c3e-a37f-be20e39c597b,Existing,,2026-02-25T04:17:08.895Z
16,"Staff Engineer, Tool Design (R4299)","Dallas, Texas",https://jobs.lever.co/shieldai/6bccbc94-835c-46cc-94de-0eca27e532fa,Existing,,2026-02-25T04:17:08.895Z
16,"Staff Engineer, XBAT Simulation (R4542) (TX/Bos/San Diego)","Dallas, Texas",https://jobs.lever.co/shieldai/7a5377da-0d83-434a-a3c9-8b3ff99b97f7,Existing,,2026-02-25T04:17:08.895Z
16,"Staff Engineering Specialist, Hardware Test (R4422)","Dallas, Texas",https://jobs.lever.co/shieldai/86855f14-616f-4323-8225-5467c52516e5,Existing,,2026-02-25T04:17:08.895Z
16,"Staff Engineering Specialist, Harness Design (R4313)","Dallas, Texas",https://jobs.lever.co/shieldai/7a142a52-5e8d-4a25-a6d5-691a855dc93d,Existing,,2026-02-25T04:17:08.895Z
16,Staff GRC Analyst (R3666),"San Diego, California",https://jobs.lever.co/shieldai/fbfbaac3-952e-4767-ba6b-cccfcafbcf7d,Existing,,2026-02-25T04:17:08.895Z
16,"Staff Integration & Test Engineer, Autonomy (R4151)","Dallas, Texas",https://jobs.lever.co/shieldai/5e260804-4437-4952-9f39-51d091071c1c,Existing,,2026-02-25T04:17:08.895Z
16,Staff Loads Engineer (R3263),"Dallas, Texas",https://jobs.lever.co/shieldai/18347d18-9816-4085-b0da-5f2ff84687c1,Existing,,2026-02-25T04:17:08.895Z
16,"Staff Mechanical Engineer, Hardware Test (R4325)","Dallas, Texas",https://jobs.lever.co/shieldai/c824d8a3-b683-4442-90f7-05673f6809d0,Existing,,2026-02-25T04:17:08.895Z
16,Staff Motion Designer (R4181),"San Francisco, California",https://jobs.lever.co/shieldai/7a33b55f-47e4-4f25-b993-fb40694aa634,Existing,,2026-02-25T04:17:08.895Z
16,Staff Network Security Engineer (R4180),"San Diego, California",https://jobs.lever.co/shieldai/dff5ec7a-64e1-4629-a606-64636520f3d2,Existing,,2026-02-25T04:17:08.895Z
16,Staff PCB Librarian (R4471),United States,https://jobs.lever.co/shieldai/5782c718-0cd9-49fb-bd42-62808f711fd4,Existing,,2026-02-25T04:17:08.895Z
16,Staff Product Designer (R3750),"San Diego, California",https://jobs.lever.co/shieldai/ca35dea3-e392-4c8f-bdeb-e3caa623edf1,Existing,,2026-02-25T04:17:08.895Z
16,Staff Regional HRBP - EMEA,London,https://jobs.lever.co/shieldai/d4995624-1dd0-4a0b-9241-27bc36834176,Existing,,2026-02-25T04:17:08.895Z
16,"Staff Software Engineer, Autonomy Applications Engineering",New Delhi,https://jobs.lever.co/shieldai/20ba2fbb-f9b3-4408-ac5c-7809a8446ea3,Existing,,2026-02-25T04:17:08.895Z
16,Staff Structural Analyst (R3263),"Dallas, Texas",https://jobs.lever.co/shieldai/ee7f7c27-9e53-4e20-a7fc-3a37ad35d47d,Existing,,2026-02-25T04:17:08.895Z
16,Staff Systems Administrator (San Mateo),"San Francisco, California",https://jobs.lever.co/shieldai/22e198ca-5919-482c-b4a4-09b3b676b5d4,Existing,,2026-02-25T04:17:08.895Z
16,Staff Systems Engineer (R4315),Melbourne,https://jobs.lever.co/shieldai/76524c09-ac8c-4e1a-bca5-fd7572094ba7,Existing,,2026-02-25T04:17:08.895Z
16,Staff Videographer/ Video Editor (R4133),"Dallas, Texas",https://jobs.lever.co/shieldai/3a03f4cb-18ce-43ed-99c1-4d63e3645316,Existing,,2026-02-25T04:17:08.895Z
16,Strategic Sourcing Manager (R4251),"Dallas, Texas",https://jobs.lever.co/shieldai/42de5714-9487-42a5-ba68-f68ebec43d78,Existing,,2026-02-25T04:17:08.895Z
16,Supplier Development Engineer (R4560),"Dallas, Texas",https://jobs.lever.co/shieldai/cf0f2076-a481-4b1a-8a37-39979abb98e6,Existing,,2026-02-25T04:17:08.895Z
16,"Technical Engineering Manager,  Software Autonomy Applications",New Delhi,https://jobs.lever.co/shieldai/be5305f1-0af9-43bf-b5eb-d1000bddbb4f,Existing,,2026-02-25T04:17:08.895Z
16,Technical Product Manager (R4243),London,https://jobs.lever.co/shieldai/f5d07258-1188-445e-9195-9ab80fbd3c57,Existing,,2026-02-25T04:17:08.895Z
16,Technical Program Director (R3982),London,https://jobs.lever.co/shieldai/194442b9-f75d-4a76-adc9-dc6cf4a8ef6a,Existing,,2026-02-25T04:17:08.895Z
16,"Technical Program Manager, Quality Engineering (R4219)","San Diego, California",https://jobs.lever.co/shieldai/43aba4f5-3e19-4e97-bc57-d19849ccd8ab,Existing,,2026-02-25T04:17:08.895Z
16,"Technician, Ground Ops Specialist (R4370)","Dallas, Texas",https://jobs.lever.co/shieldai/03160ad8-0245-46f0-899d-bdbb0504d5e4,Existing,,2026-02-25T04:17:08.895Z
16,Test & Evaluation Engineering Lead (R4356),"San Diego, California",https://jobs.lever.co/shieldai/0e6f3ce1-1694-4ffa-9314-db0dc3d627c9,Existing,,2026-02-25T04:17:08.895Z
16,"Test Director, XBAT (R4406)",Wichita Metro Area,https://jobs.lever.co/shieldai/379b704a-82e6-4386-934a-5d99a9560792,Existing,,2026-02-25T04:17:08.895Z
16,V-BAT Air Vehicle Operator,Dallas Metro Area,https://jobs.lever.co/shieldai/3286ffe2-a1e7-4393-9df6-2703d8b55967,Existing,,2026-02-25T04:17:08.895Z
16,X-BAT Capture Lead (R4031),London,https://jobs.lever.co/shieldai/14f83ee4-4097-4dc2-95c5-624ea35a3332,Existing,,2026-02-25T04:17:08.895Z
17,Mechanical Engineer - Testing and Sustaining (On-Site),"Glen Cove, NY",https://jobs.ashbyhq.com/standardbots/b8fae292-47fa-480d-8d46-bec9bbd96ce7,Existing,,2026-02-25T04:17:08.895Z
17,Associate Electrical Engineer (On-site),"Glen Cove, NY",https://jobs.ashbyhq.com/standardbots/d76f7109-578b-48b5-9ee1-b0526e43e718,Existing,,2026-02-25T04:17:08.895Z
17,"Senior Software Engineer, Motion Planning","New York City, NY",https://jobs.ashbyhq.com/standardbots/251292ec-4bcd-4ee5-8364-9664502ca5dd,Existing,,2026-02-25T04:17:08.895Z
17,Regional Sales Manager (US West Coast - Remote),US (Remote),https://jobs.ashbyhq.com/standardbots/e70720ba-4192-4463-8c4f-c9e9df264c8b,Existing,,2026-02-25T04:17:08.895Z
17,Hardware QA Manager,"Glen Cove, NY",https://jobs.ashbyhq.com/standardbots/81635e36-2a5a-4e79-8c71-6ce0ae73f914,Existing,,2026-02-25T04:17:08.895Z
17,Receiving Inspector,"Glen Cove, NY",https://jobs.ashbyhq.com/standardbots/39a5cc61-135a-4154-9637-f07394738024,Existing,,2026-02-25T04:17:08.895Z
17,"Senior Firmware Engineer, Controls Systems","Glen Cove, NY",https://jobs.ashbyhq.com/standardbots/e210ec6f-dac5-4258-ae24-874f3b349240,Existing,,2026-02-25T04:17:08.895Z
17,Manufacturing Operations Lead,"Glen Cove, NY",https://jobs.ashbyhq.com/standardbots/8bb84cae-2e3c-441d-bfb7-1137947e3c2c,Existing,,2026-02-25T04:17:08.895Z
17,Assembly Technician,"Glen Cove, NY",https://jobs.ashbyhq.com/standardbots/8b39ce84-2e6b-49ee-ac29-14bd08a940a4,Existing,,2026-02-25T04:17:08.895Z
17,"AI Applications Engineer (Glen Cove, NY)","Glen Cove, NY",https://jobs.ashbyhq.com/standardbots/1266ad8f-b2a8-41f9-ba83-8a54b9c022f2,Existing,,2026-02-25T04:17:08.895Z
17,"Applications Engineer (Bradley, IL)","Bradley, IL",https://jobs.ashbyhq.com/standardbots/9d4a4643-e31f-45c6-bc02-456d5dd883e5,Existing,,2026-02-25T04:17:08.895Z
17,Applications Engineer (Midwest US),US (Remote),https://jobs.ashbyhq.com/standardbots/9df59e9f-0256-4f44-8d5d-70bd41cddeb8,Existing,,2026-02-25T04:17:08.895Z
17,"Software Engineering Manager, AI","New York, NY (Hybrid)",https://jobs.ashbyhq.com/standardbots/9d1a43ac-2879-4951-8c3c-4c58b707c546,Existing,,2026-02-25T04:17:08.895Z
17,"Senior Software Engineer, Embedded Systems","New York City, NY",https://jobs.ashbyhq.com/standardbots/cb0425dd-a275-4e1a-904c-c3b7d2c4a903,Existing,,2026-02-25T04:17:08.895Z
17,AI Research Engineer,"New York City, NY",https://jobs.ashbyhq.com/standardbots/a3cd1d01-66a1-4d2d-9017-876532f4f68c,Existing,,2026-02-25T04:17:08.895Z
17,"Tech Lead Manager, Core Platform","New York, NY (Hybrid)",https://jobs.ashbyhq.com/standardbots/f26b89a9-2225-4965-a322-d46380a19f9b,Existing,,2026-02-25T04:17:08.895Z
17,"Senior Software Engineer, Full-Stack","Seattle, WA",https://jobs.ashbyhq.com/standardbots/2ab21f0f-1943-476d-a6d5-aeb711ab5f7c,Existing,,2026-02-25T04:17:08.895Z
17,"Senior Software Engineer, Full-Stack","New York City, NY",https://jobs.ashbyhq.com/standardbots/ddb64b6f-9e7f-42d6-ad41-e5ad8a6604b5,Existing,,2026-02-25T04:17:08.895Z
17,Staff Software Engineer,"New York City, NY",https://jobs.ashbyhq.com/standardbots/e7206d20-806e-46a3-bb78-dfd51b30b711,Existing,,2026-02-25T04:17:08.895Z
17,Staff Software Engineer,"Seattle, WA",https://jobs.ashbyhq.com/standardbots/a8e5a44a-60a0-4e1b-8526-8ef7dfb6c1cf,Existing,,2026-02-25T04:17:08.895Z
17,IT Manager,"Glen Cove, NY",https://jobs.ashbyhq.com/standardbots/3822aea6-b7e7-4778-b9ba-b907e24a6859,Existing,,2026-02-25T04:17:08.895Z
17,Staff Functional Safety Engineer (Remote/Hybrid),US (Remote),https://jobs.ashbyhq.com/standardbots/77bd7c9d-f2c9-448f-ba59-1409bf555550,Existing,,2026-02-25T04:17:08.895Z
17,Product Manager,"New York City, NY",https://jobs.ashbyhq.com/standardbots/a3edd307-4862-410a-9392-97d5c1e2c4bb,Existing,,2026-02-25T04:17:08.895Z
17,Product Designer,"New York City, NY",https://jobs.ashbyhq.com/standardbots/22c1c1af-7aec-4cb9-9f60-51638bbecc49,Existing,,2026-02-25T04:17:08.895Z
17,Senior Technical Recruiter,New York City,https://jobs.ashbyhq.com/standardbots/0b181ab7-d8b6-4e22-acc2-4740046827cf,Existing,,2026-02-25T04:17:08.895Z
17,"Senior Software Engineer, Manufacturing Systems ","New York City, NY",https://jobs.ashbyhq.com/standardbots/c31ff9bf-ba0a-4137-9897-5586494ed15b,Existing,,2026-02-25T04:17:08.895Z
17,Brand Design Lead,"New York City, NY",https://jobs.ashbyhq.com/standardbots/b0af098d-448d-4daa-b189-3690920d400e,Existing,,2026-02-25T04:17:08.895Z
19,Founding Product Manager,"San Francisco Bay Area, CA",mailto:hiring@synthefy.com?subject=Application%20for%20Founding%20Product%20Manager,New,2026-02-25T04:17:08.895Z,2026-02-25T04:17:08.895Z
19,Founding Machine Learning Engineer,"San Francisco Bay Area, CA",mailto:hiring@synthefy.com?subject=Application%20for%20Founding%20Machine%20Learning%20Engineer,New,2026-02-25T04:17:08.895Z,2026-02-25T04:17:08.895Z
28,Sr. Product Manager - Clinical Cardiology,"Boston, MA",https://wearlinq.breezy.hr/p/49f3572152de-sr-product-manager-clinical-cardiology,New,2026-02-25T04:17:08.895Z,2026-02-25T04:17:08.895Z
28,Sr. Product Manager - Clinical Cardiology,"Chicago, IL",https://wearlinq.breezy.hr/p/49f3572152de-sr-product-manager-clinical-cardiology,New,2026-02-25T04:17:08.895Z,2026-02-25T04:17:08.895Z
28,Sr. Product Manager - Clinical Cardiology,"Minneapolis, MN",https://wearlinq.breezy.hr/p/49f3572152de-sr-product-manager-clinical-cardiology,New,2026-02-25T04:17:08.895Z,2026-02-25T04:17:08.895Z
28,Cardiac/Telemetry Technician,"Rockville, MD",https://wearlinq.breezy.hr/p/b69ad5342661-cardiac-telemetry-technician,New,2026-02-25T04:17:08.895Z,2026-02-25T04:17:08.895Z
28,Holter/Cardiac Technologist,"Rockville, MD",https://wearlinq.breezy.hr/p/cb18c53d8452-holter-cardiac-technologist,New,2026-02-25T04:17:08.895Z,2026-02-25T04:17:08.895Z
28,Inventory / Shipping Specialist,"Rockville, MD",https://wearlinq.breezy.hr/p/0e73b465e0d9-inventory-shipping-specialist,New,2026-02-25T04:17:08.895Z,2026-02-25T04:17:08.895Z
28,Shipping & Logistics Associate,"Rockville, MD",https://wearlinq.breezy.hr/p/d83bc94675f2-shipping-logistics-associate,New,2026-02-25T04:17:08.895Z,2026-02-25T04:17:08.895Z
28,Medical Billing Associate,"Rockville, US",https://wearlinq.breezy.hr/p/cba93a090ab7-medical-billing-associate,New,2026-02-25T04:17:08.895Z,2026-02-25T04:17:08.895Z
28,Sr. Product Manager - Clinical Cardiology,"San Francisco, CA",https://wearlinq.breezy.hr/p/49f3572152de-sr-product-manager-clinical-cardiology,New,2026-02-25T04:17:08.895Z,2026-02-25T04:17:08.895Z
28,Business Development Manager,United States,https://wearlinq.breezy.hr/p/4928c237a9bf-business-development-manager,New,2026-02-25T04:17:08.895Z,2026-02-25T04:17:08.895Z
